step,S,IE,R
0,100,1,0
1,"99,96039603960396","1,0346039603960395","0,005"
2,"99,92100570532301","1,0690192946769925","0,009975000000000001"
3,"99,88181209488779","1,1032607999141961","0,014927105198019803"
4,"99,84279865794002","1,1373429622771853","0,019858379782803158"
5,"99,80394918435913","1,1712799673520697","0,024770848288810474"
6,"99,76524779293364","1,2050857101510264","0,02966649691534154"
7,"99,72667892036596","1,238773804823201","0,03454727481084224"
8,"99,68822731059964","1,2723575940769312","0,039415095323417984"
9,"99,64987800445861","1,3058501583228295","0,04427183721854625"
10,"99,61161632958813","1,3392643245469062","0,04911934586495144"
11,"99,57342789068784","1,3726126749225749","0,05395943438957669"
12,"99,53529856002739","1,4059075551700504","0,05879388480255991"
13,"99,49721446823557","1,439161082671339","0,0636244490930945"
14,"99,45916199535425","1,47238515434872","0,06845285029702959"
15,"99,42112776214864","1,5055914543143238","0,0732807835370392"
16,"99,3830986216657","1,538791461298141","0,07810991703616613"
17,"99,34506165103296","1,5719964558615227","0,08294189310552186"
18,"99,30700414349012","1,605217527402986","0,08777832910690216"
19,"99,26891360064607","1,6384655809628854","0,09262081839105482"
20,"99,23077772495442","1,671751343833276","0,09747093121231534"
21,"99,19258441240063","1,7050853719790737","0,10233021562030511"
22,"99,15432174539426","1,7384780562763904","0,1072001983293667"
23,"99,1159779858599","1,7719396285737177","0,11208238556639132"
24,"99,0775415685209","1,805480167581437","0,11697826389767438"
25,"99,03900109436967","1,8391096045949205","0,12188930103541688"
26,"99,0003453243192","1,8728377290563305","0,12681694662447232"
27,"98,96156317303007","1,9066741939600116","0,13176263300992166"
28,"98,92264370290773","1,9406285211062255","0,1367277759860421"
29,"98,88357611826498","1,9747101062077954","0,14171377552721873"
30,"98,84434975964459","2,0089282238540727","0,146722016501333"
31,"98,80495409829737","2,0432920323364785","0,15175386936614596"
32,"98,76537873081108","2,0778105783397347","0,15681069084917942"
33,"98,72561337388566","2,1124928015027384","0,16189382461158422"
34,"98,68564785925061","2,147347538852915","0,16700460189646993"
35,"98,6454721287201","2,1823835291177343","0,1721443421621575"
36,"98,60507622938223","2,2176094169169556","0,17731435370080237"
37,"98,56445030891814","2,2530337568390344","0,18251593424282347"
38,"98,52358461104741","2,288665017405019","0,1877503715475601"
39,"98,4824694710963","2,3245115849231284","0,19301894398056765"
40,"98,44109531168493","2,360581767237103","0,19832292107795033"
41,"98,39945263853055","2,396883797371315","0,20366356409811842"
42,"98,35753203636312","2,4334258370755113","0,20904212656134585"
43,"98,31532416495052","2,470215980271961","0,21445985477749344"
44,"98,27281975523003","2,507262256407693","0,21991798836225257"
45,"98,23000960554333","2,544572633714398","0,22541776074225392"
46,"98,18688457797211","2,582155022378494","0,23096039964937562"
47,"98,14343559477165","2,620017277623753","0,23654712760457622"
48,"98,0996536348996","2,6581672027088104","0,24217916239156773"
49,"98,05552973063756","2,696612551841781","0,24785771752063557"
50,"98,01105496430291","2,7353610330141525","0,2535840026829028"
51,"97,96622046504864","2,7744203107560113","0,25935922419532814"
52,"97,92101740574863","2,813798008814624","0,2651845854367178"
53,"97,87543699996667","2,853501712758275","0,27106128727502443"
54,"97,82947049900653","2,893538972507241","0,2769905284861972"
55,"97,78310918904145","2,9339173047936695","0,2829735061648403"
56,"97,73634438832093","2,9746441955520977","0,2890114161269291"
57,"97,68916744445288","3,0157271022422547","0,29510545330482624"
58,"97,64156973175938","3,0571734561057458","0,3012568121348325"
59,"97,5935426487043","3,098990664358145","0,30746668693750084"
60,"97,54507761539104","3,14118611231798","0,3137362722909344"
61,"97,49616607112867","3,183767165474002","0,3200667633972844"
62,"97,44679947206518","3,2267411714921246","0,326459356442655"
63,"97,39696928888603","3,2701154621633095","0,33291524895061875"
64,"97,34666700457674","3,3138973552936726","0,33943564012953764"
65,"97,29588411224807","3,3580941565379927","0,3460217312138809"
66,"97,24461211302244","3,40271316117778","0,35267472579972375"
67,"97,19284251398034","3,4477616558450013","0,35939583017460586"
68,"97,14056682616551","3,493246920192515","0,3661862536419236"
69,"97,0877765626477","3,5391762285122272","0,3730472088400238"
70,"97,03446323664187","3,5855568513019174","0,37997991205616216"
71,"96,9806183596828","3,6323960567816647","0,38698558353548407"
72,"96,92623343985402","3,679701112360739","0,3940654477851812"
73,"96,87129998007016","3,7274792860557957","0,401220733873972"
74,"96,81580947641172","3,775737847861162","0,40845267572704896"
75,"96,75975341651133","3,8244840710719674","0,41576251241663253"
76,"96,70312327799083","3,873725233560835","0,42315148844826544"
77,"96,64591052694814","3,9234686190088013","0,43062085404297745"
78,"96,58810661649336","3,9737215180911156","0,43817186541544684"
79,"96,52970298533315","4,024491229618504","0,4458057850482796"
80,"96,47069105640293","4,075785061634483","0,45352388196252447"
81,"96,41106223554615","4,12761033246924","0,4613274319845366"
82,"96,35080791024004","4,179974371750595","0,4692177180093002"
83,"96,28991944836713","4,232884521372492","0,4771960302603158"
84,"96,22838819703232","4,286348136421471","0,48526366654615377"
85,"96,16620548142465","4,340372586061509","0,49342193251377275"
86,"96,10336260372362","4,394965254377618","0,5016721418986986"
87,"96,03985084204928","4,450133541178515","0,5100156167721536"
88,"95,975661449456","4,505884862758714","0,5184536877852256"
89,"95,9107856529695","4,5622266526202875","0,5269876944101605"
90,"95,84521465266651","4,619166362154569","0,5356189851788592"
91,"95,77893962079726","4,676711461284029","0,5443489179186585"
92,"95,71195170094997","4,734869439064517","0,5531788599854686"
93,"95,64424200725757","4,79364780424804","0,5621101884943407"
94,"95,57580162364619","4,853054085806235","0,5711442905475329"
95,"95,50662160312515","4,913095833414662","0,5802825634601396"
96,"95,43669296711862","4,973780617897988","0,5895264149833476"
97,"95,3660067048384","5,03511603163618","0,5988772635253782"
98,"95,29455377269807","5,097109688931712","0,6083365383701732"
99,"95,22232509376822","5,15976922633785","0,6179056798938781"
100,"95,14931155727278","5,223102302947986","0,627586139779174"
101,"95,0755040181264","5,2871166006460335","0,6373793812275074"
102,"95,00089329651286","5,35181982431782","0,6472868791692631"
103,"94,9254701775046","5,417219702023425","0,6573101204719248"
104,"94,8492254107233","5,483323985130379","0,6674506041462626"
105,"94,77214971004173","5,550140448407626","0,6777098415505863"
106,"94,69423375332673","5,617676890080114","0,6880893565931018"
107,"94,61546818222367","5,685941131843878","0,6985906859323999"
108,"94,53584360198236","5,754941018841462","0,7092153791761125"
109,"94,4553505813247","5,824684419597482","0,7199649990777617"
110,"94,37397965235398","5,895179225914134","0,7308411217318281"
111,"94,29172131050642","5,966433352726458","0,7418453367670635"
112,"94,2085660145448","6,038454737917073","0,7529792475380661"
113,"94,12450418659462","6,111251342090183","0,76424447131514"
114,"94,03952621222294","6,184831148304559","0,7756426394724535"
115,"93,95362244056022","6,259202161765209","0,7871753976745118"
116,"93,86678318446552","6,334372409473466","0,7988444060609545"
117,"93,7789987207351","6,410349939835141","0,8106513394296889"
118,"93,69025929035512","6,487142822226452","0,8225978874183659"
119,"93,60055509879838","6,564759146517352","0,8346857546842046"
120,"93,50987631636585","6,6432070225519215","0,8469166610821669"
121,"93,418213078573","6,722494579585453","0,8592923418414857"
122,"93,32555548658158","6,802629965677829","0,8718145477405423"
123,"93,23189360767704","6,883621347042823","0,8844850452800923"
124,"93,13721747579221","6,965476907352901","0,897305616854833"
125,"93,04151709207754","7,048204846999106","0,9102780609233047"
126,"92,94478242551823","7,131813382305611","0,9234041921761169"
127,"92,84700341359898","7,216310744698484","0,9366858417024869"
128,"92,74816996301665","7,301705179828232","0,9501248571550767"
129,"92,64827195044118","7,388004946645656","0,9637231029131125"
130,"92,54729922332562","7,475218316430562","0,9774824602437692"
131,"92,44524160076531","7,563353571772847","0,9914048274617984"
132,"92,3420888744071","7,652419005505479","1,0054921200873785"
133,"92,23783080940889","7,742422919588896","1,0197462710021636"
134,"92,13245714545015","7,833373623946307","1,0341692306035024"
135,"92,02595759779373","7,925279435249423","1,0487629669568004"
136,"91,91832185839986","8,018148675654096","1,0635294659459962"
137,"91,80953959709247","8,11198967148537","1,0784707314221167"
138,"91,69960046277866","8,206810751871412","1,093588785349878"
139,"91,5884940847218","8,302620247325853","1,1088856679522971"
140,"91,47621007386871","8,399426488277967","1,1243634378532736"
141,"91,36273802423163","8,497237803550215","1,1400241722181017"
142,"91,24806751432547","8,596062518782613","1,1558699668918713"
143,"91,13218810866081","8,69590895480343","1,1719029365357119"
144,"91,01508935929346","8,796785425945663","1,1881252147608339"
145,"90,89676080743081","8,898700238308818","1,2045389542603193"
146,"90,77719198509588","9,001661687965452","1,2211463269386098"
147,"90,65637241684931","9,105678059111993","1,2379495240386413"
148,"90,53429162157006","9,21075762216331","1,2549507562665707"
149,"90,41093911429533","9,316908631790572","1,2721522539140366"
150,"90,28630440812019","9,424139324901859","1,2895562669778988"
151,"90,16037701615747","9,532457918565079","1,3071650652773925"
152,"90,03314645355859","9,641872607872713","1,3249809385686389"
153,"89,9046022395956","9,752391563747889","1,3430061966564448"
154,"89,77473389980524","9,864022930691366","1,3612431695033274"
155,"89,64353096819526","9,976774824468976","1,379694207335694"
156,"89,51098298951375","10,090655329739082","1,3983616807471098"
157,"89,37707952158172","10,205672497619638","1,4172479807985776"
158,"89,24181013768971","10,321834343194457","1,4363555191157604"
159,"89,10516442905858","10,439148842958291","1,4556867279830665"
160,"88,96713200736505","10,55762393220036","1,4752440604345227"
161,"88,8277025073326","10,677267502325975","1,495029990341355"
162,"88,68686558938782","10,79808739811591","1,515047012496195"
163,"88,54461094238283","10,920091414923261","1,5352976426938285"
164,"88,40092828638409","11,043287295807428","1,5557844178084033"
165,"88,25580737552788","11,167682728605026","1,5765098958670056"
166,"88,10923800094295","11,293285342937441","1,5974766561195193"
167,"87,96120999374041","11,420102707154832","1,6186872991046755"
168,"87,81171322807133","11,548142325216396","1,6401444467122013"
169,"87,66073762425222","11,677411633506729","1,6618507422409718"
170,"87,50827315195869","11,80791799758816","1,6838088504530717"
171,"87,35430983348729","11,93966870888897","1,7060214576236654"
172,"87,19883774708593","12,072670981327422","1,7284912715865797"
173,"87,04184703035287","12,206931947871576","1,7512210217754947"
174,"86,88332788370438","12,342458657034918","1,7742134592606422"
175,"86,72327057391122","12,479258069307816","1,7974713567809062"
176,"86,5616654377038","12,617337053524931","1,820997508771218"
177,"86,39850288544613","12,756702383168665","1,8447947313851405"
178,"86,23377340487855","12,89736073260886","1,8688658625125303"
179,"86,06746756492883","13,039318673278927","1,8932137617921678"
180,"85,89957601959198","13,182582669788715","1,9178413106192411"
181,"85,73008951187802","13,327159075974336","1,9427514121475724"
182,"85,55899887782803","13,47305413088543","1,967946991286468"
183,"85,38629505059768","13,620273954710175","1,993430994692079"
184,"85,21196906460824","13,76882454463854","2,01920639075315"
185,"85,03601205976457","13,918711770664315","2,04527616957104"
186,"84,85841528573958","14,069941371326454","2,071643342933894"
187,"84,67917010632469","14,2225189493904","2,0983109442848384"
188,"84,49826800384581","14,376449967470032","2,1252820286840852"
189,"84,31570058364407","14,531739743591034","2,152559672764813"
190,"84,13145957862075","14,688393446696463","2,1801469746827027"
191,"83,9455368538455","14,84641609209542","2,208047054059004"
192,"83,7579244112272","15,005812536855728","2,2362630519169957"
193,"83,5686143942465","15,166587475141704","2,264798130611722"
194,"83,37759909274907","15,328745433497986","2,2936554737528705"
195,"83,18487094779854","15,492290766080721","2,3228382861206587"
196,"82,99042255658813","15,65722764983719","2,352349793574605"
197,"82,7942466774096","15,82356007963528","2,382193242955046"
198,"82,59633623467855","15,991291863344115","2,4123719019772722"
199,"82,39668432401444","16,160426616867337","2,442889059118147"
200,"82,1952842173743","16,33096775913055","2,4737480234950757"
201,"81,99212936823817","16,50291850702456","2,5049521247371938"
202,"81,7872134168452","16,676281870306084","2,536504712848637"
203,"81,58053019547845","16,851060646457714","2,5684091580637594"
204,"81,3720737337967","17,027257415509055","2,6006688506941704"
205,"81,1618382642116","17,20487453482088","2,633287200967448"
206,"80,94981822730804","17,38391413383448","2,666267638857402"
207,"80,73600827730598","17,564378108788187","2,699613613905748"
208,"80,5204032875614","17,74626811740346","2,73332859503506"
209,"80,30299835610437","17,929585573542678","2,7674160703528723"
210,"80,08378881121195","18,114331641841183","2,8018795469467874"
211,"79,86277021701348","18,300507232315972","2,836722550670471"
212,"79,63993837912582","18,488112994953703","2,8719486259203912"
213,"79,41528935031609","18,67714931428065","2,9075613354031784"
214,"79,18881943618902","18,867616303917426","2,9435642598934715"
215,"78,96052520089646","19,059513801121334","2,979960997982124"
216,"78,73040347286592","19,252841361319362","3,016755165814643"
217,"78,49845135054537","19,447598252634826","3,0539503968197304"
218,"78,26466620816119","19,643783450410936","3,091550341427807"
219,"78,02904570148608","19,84139563173445","3,1295586667793946"
220,"77,7915877736138","20,040433169962906","3,1679790564232286"
221,"77,55229066073717","20,240894129258777","3,206815210003992"
222,"77,31115289792616","20,442776259134234","3,246070842939542"
223,"77,0681733249023","20,64607698901012","3,285749686087522"
224,"76,8233510918058","20,850793422792897","3,3258554854012385"
225,"76,57668566495174","21,056922333473498","3,3663920015747"
226,"76,3281768325713","21,264460157751934","3,4073630096766996"
227,"76,07782471053424","21,473402990691845","3,4487722987738425"
228,"75,82562974804848","21,683746580409036","3,4906236715424157"
229,"75,57159273333264","21,895486322798305","3,5329209438689952"
230,"75,31571479925735","22,108617256302892","3,5756679444396964"
231,"75,05799742895098","22,323134056730986","3,618868514317977"
232,"74,79844246136528","22,539031032123766","3,6625265065108987"
233,"74,53705209679651","22,756302117679667","3,706645785523763"
234,"74,27382890235741","22,9749408707395","3,7512302269030404"
235,"74,0087758173952","23,194940465837234","3,7962837167675128"
236,"73,74189615885109","23,41629368982131","3,8418101513275547"
237,"73,4731936265561","23,638992937051373","3,887813436392488"
238,"73,20267230845847","23,86303020467554","3,934297486865938"
239,"72,93033668577762","24,088397087993194","3,981266226229139"
240,"72,65619163807929","24,31508477590853","4,028723586012126"
241,"72,38024244826714","24,543084046480047","4,076673505252768"
242,"72,10249480748506","24,772385262571305","4,125119929943596"
243,"71,8229548199253","25,002978367608275","4,174066812466385"
244,"71,54162900753678","25,234852881448724","4,22351811101446"
245,"71,25852431462825","25,467997896369027","4,273477789002696"
246,"70,97364811236076","25,702402073174024","4,32394981446518"
247,"70,68700820312407","25,938053637435353","4,3749381594405445"
248,"70,3986128247911","26,17494037586392","4,426446799344938"
249,"70,10847065484519","26,41304963282213","4,478479712332637"
250,"69,81659081437417","26,652368306981472","4,531040878644315"
251,"69,52298287192579","26,8928828481312","4,584134279942957"
252,"69,22765684721874","27,134579254143738","4,63776389863747"
253,"68,93062321470345","27,37744306810253","4,6919337171939715"
254,"68,63189290696705","27,621459375598068","4,746647717434833"
255,"68,33147731797673","27,86661280219773","4,801909879825486"
256,"68,02938830615568","28,112887511095213","4,857724182749059"
257,"67,72563819728592","28,360267200945138","4,9140946017688885"
258,"67,42023978723239","28,60873510388858","4,971025108878975"
259,"67,11320634448244","28,85827398377505","5,028519671742458"
260,"66,80455161249513","29,108866134586627","5,086582252918183"
261,"66,49428981185477","29,360493379069716","5,145216809075461"
262,"66,18243564222291","29,613137067579927","5,20442729019711"
263,"65,8690042840835","29,86677807714556","5,264217638770886"
264,"65,55401140027548","30,12139681075502","5,324591788969435"
265,"65,23747313730759","30,37697319687348","5,385553665818864"
266,"64,91940612644984","30,633486689193994","5,4471071843560885"
267,"64,59982748459664","30,89091626662818","5,509256248775098"
268,"64,27875481489615","31,1492404335415","5,572004751562282"
269,"63,95620620714091","31,408437220238028","5,63535657262099"
270,"63,6322002379149","31,668484183699533","5,699315578385495"
271,"63,3067559704919","31,92935840858349","5,763885620924544"
272,"62,97989295448064","32,1910365084846","5,829070537034692"
273,"62,651631225212135","32,45349462746418","5,894874147323617"
274,"62,321991302864646","32,71670844185165","5,961300255283632"
275,"61,990994191322095","32,98065316232222","6,0283526463556205"
276,"61,65866137676171","33,24530353625461","6,096035086983622"
277,"61,325014825966996","33,51063385037261","6,164351323660319"
278,"60,99007698436227","33,77661793367398","6,233305081963678"
279,"60,65387077376502","34,0432291606499","6,302900065585006"
280,"60,316419589852906","34,310440454798325","6,373139955348697"
281,"59,977747299342","34,578224292433966","6,444028408223966"
282,"59,63787823687343","34,84655270679765","6,515569056328846"
283,"59,29683720160565","35,11539729246751","6,5877655059267735"
284,"58,95464945350967","35,3847292100742","6,660621336416073"
285,"58,611340709365216","35,654519191322066","6,734140099312656"
286,"58,26693713845553","35,92473754431811","6,808325317226294"
287,"57,921465357959214","36,195354159209934","6,883180482830793"
288,"57,57495242803745","36,46633851413405","6,958709057828441"
289,"57,22742584661551","36,73765968147534","7,034914471909085"
290,"56,87891354385747","37,009286334438244","7,111800121704225"
291,"56,529443876333474","37,28118675392996","7,189369369736513"
292,"56,179045620879194","37,553328835755714","7,267625543365037"
293,"55,8277479681474","37,82568009812572","7,346571933726831"
294,"55,4755805158518","38,098207689473156","7,426211794674986"
295,"55,12257326170379","38,37087839658233","7,506548341713824"
296,"54,76875659604283","38,64365865302557","7,587584750931553"
297,"54,41416129416171","38,91651454790739","7,669324157930846"
298,"54,058818508328244","39,1894118349139","7,7517696567578005"
299,"53,70275975950509","39,46231594166511","7,834924298829746"
300,"53,346016928770005","39,735191979367585","7,918791091862358"
301,"52,98862224843893","40,00800475276445","8,003372998796564"
302,"52,63060829289488","40,28071877037934","8,088672936725725"
303,"52,27200796912571","40,55329825505064","8,174693775823588"
304,"51,912854506974405","40,82570715475203","8,261438338273502"
305,"51,55318144910572","41,0979091536948","8,348909397199419"
306,"51,193022640693464","41,36986768370729","8,437109675599185"
307,"50,83241221883297","41,64154593588633","8,52604184528064"
308,"50,4713846016838","41,91290687251508","8,615708525801058"
309,"50,109974477347826","42,183913239241654","8,706112283410464"
310,"49,74821679248847","42,454527577512124","8,797255629999354"
311,"49,38614674069705","42,72471223725152","8,889141022051373"
312,"49,02379975061255","42,99442938978591","8,981770859601488"
313,"48,66121147380147","43,263641040998266","9,075147485200214"
314,"48,29841777240491","43,53230904471059","9,169273182884448"
315,"47,935454706560016","43,80039511628446","9,264150177155468"
316,"47,57235852160368","44,06786084643161","9,359780631964659"
317,"47,20916563506639","44,33466771522603","9,456166649707527"
318,"46,84591262346452","44,60077710630886","9,553310270226572"
319,"46,4826362088998","44,866150321276564","9,651213469823592"
320,"46,1193732454748","45,13074859424319","9,749878160281973"
321,"45,75616070553372","45,39453310656669","9,849306187899543"
322,"45,39303566573799","45,657465001729406","9,949499332532561"
323,"45,03003529298639","45,919505400362155","10,050459306651412"
324,"44,66719683018992","46,180615415401476","10,152187754408567"
325,"44,30455758191161","46,440756167368974","10,254686250719383"
326,"43,942154899881835","46,69988879976182","10,357956300356307"
327,"43,58002616840002","46,9579744945429","10,461999337057044"
328,"43,21820878963369","47,21497448771901","10,566816722647259"
329,"42,85674016882614","47,470850084995476","10,672409746178348"
330,"42,4956576994241","47,725562677495006","10,778779623080856"
331,"42,134998748137065","47,97907375752882","10,885927494334076"
332,"41,774800639940096","48,231344934407495","10,993854425652373"
333,"41,415100643031955","48,482337950279245","11,102561406688771"
334,"41,055935953760695","48,732014695982926","11,212049350256345"
335,"40,697343681528956","48,9803372269031","11,32231909156792"
336,"40,339360833691195","49,22726777881416","11,433371387494619"
337,"39,98202430045534","49,47276878370087","11,545206915843762"
338,"39,62537083980133","49,71680288554204","11,65782627465661"
339,"39,269437062429006","49,95933295604452","11,77122998152645"
340,"38,91425941674816","50,20032211031429","11,885418472937518"
341,"38,55987417392307","50,43973372245168","12,000392103625224"
342,"38,206317412984404","50,67753144105744","12,11615114595813"
343,"37,853625006020955","50,91367920463685","12,232695789342165"
344,"37,50183260346389","51,14814125688859","12,350026139647492"
345,"37,150975619475986","51,380882161865514","12,468142218658471"
346,"36,801089217458426","51,611866818994415","12,58704396354713"
347,"36,452208295687484","51,84106047794193","12,706731226370552"
348,"36,10436747309349","52,068428753313896","12,827203773592572"
349,"35,75760107519423","52,29393763917557","12,94846128563016"
350,"35,411943120194856","52,51755352338026","13,07050335642485"
351,"35,06742730526622","52,739243201694165","13,193329493039577"
352,"34,72408699301344","52,95897389170527","13,316939115281253"
353,"34,38195519814618","53,17671324650439","13,441331555349388"
354,"34,04106457436212","53,392429368126756","13,566506057511086"
355,"33,701447401454665","53,60609082074261","13,692461777802684"
356,"33,36313557265592","53,817666643585724","13,819197783758314"
357,"33,02616058222552","54,02712636360879","13,946713054165647"
358,"32,690553513295804","54,2344400078551","14,07500647884905"
359,"32,35634502598337","54,4395781155362","14,20407685848038"
360,"32,023565345776994","54,64251174980532","14,333922904417635"
361,"31,692244252211292","54,84321250921705","14,464543238571608"
362,"31,362411067835456","55,04165253886373","14,59593639330076"
363,"31,03409464748588","55,23780454117963","14,728100811334437"
364,"30,70732336787123","55,431641786404164","14,861034845724552"
365,"30,382125117478147","55,62313812269592","14,994736759825875"
366,"30,05852728680538","55,81226798588957","15,129204727304998"
367,"29,73655675893375","55,99900640888812","15,264436832178069"
368,"29,416239900439045","56,183329030683566","15,400431068877337"
369,"29,097602552654415","56,36521210499897","15,537185342346561"
370,"28,780670023288575","56,54463250854609","15,67469746816528"
371,"28,465467078405563","56,72156774889241","15,81296517270197"
372,"28,1520179347715","56,89599597193241","15,951986093296037"
373,"27,8403462525733","57,067895968958005","16,091757778468637"
374,"27,530475128513867","57,23724718332383","16,232277688162245"
375,"27,222427089287873","57,40402971670318","16,373543194008896"
376,"26,916224085441797","57,56822433493113","16,515551579627015"
377,"26,611887485621395","57,72981247343185","16,658300040946695"
378,"26,30943807120939","57,88877624222722","16,801785686563328"
379,"26,008896031355683","58,045098430524874","16,946005538119383"
380,"25,71028095840197","58,19876251088377","17,09095653071421"
381,"25,41361184370214","58,34975264295616","17,23663551334164"
382,"25,118907073839445","58,4980536768053","17,3830392493552"
383,"24,826184427240968","58,64365115579827","17,530164416960705"
384,"24,535461071189417","58,786531319074555","17,678007609735968"
385,"24,246753559231916","58,92668110359064","17,826565337177392"
386,"23,96007782898497","59,06408814574182","17,975834025273148"
387,"23,675449200334356","59,198740782562936","18,125810017102648"
388,"23,39288237402825","59,330628052509695","18,276489573461994"
389,"23,112391430661557","59,45973969582331","18,427868873515077"
390,"22,833989830048857","59,586066154481095","18,57994401546999"
391,"22,557690410983092","59,70959857173648","18,73271101728037"
392,"22,283505391376682","59,830328791251944","18,886165817371317"
393,"22,011446368781325","59,948249355829134","19,040304275389488"
394,"21,741524321282405","60,063353505740594","19,195122172976948"
395,"21,473749608763555","60,175635176667996","19,35061521456839"
396,"21,20813197453652","60,285088997252174","19,506779028211245"
397,"20,944680547331153","60,3917102862605","19,663609166408293"
398,"20,683403843640008","60,495495049377695","19,821101106982244"
399,"20,424309770411696","60,596439975626346","19,9792502539619"
400,"20,16740562808683","60,69454243342378","20,138051938489333"
401,"19,912698113970063","60,789800466282244","20,297501419747633"
402,"19,660193325931495","60,88221278815972","20,45759388590873"
403,"19,409896766430375","60,971778778468845","20,618324455100723"
404,"19,161813346853794","61,0584984767519","20,779688176394245"
405,"18,915947392162828","61,14237257702982","20,941680030807287"
406,"18,67230264583831","61,223402421833654","21,104294932327974"
407,"18,430882275118247","61,30158999592699","21,2675277289547"
408,"18,191688876518604","61,37693791972822","21,431373203753118"
409,"17,9547244816291","61,44944944244149","21,595826075929356"
410,"17,71999056317535","61,51912843490566","21,760881001918936"
411,"17,48748804133864","61,58597938217051","21,926532576490793"
412,"17,257217290324387","61,650007375809736","22,09277533386582"
413,"17,029178145170263","61,71121810598036","22,25960374884933"
414,"16,803369908784774","61,7696178532383","22,427012237976875"
415,"16,579791359207064","61,825213480120084","22,59499516067281"
416,"16,35844075707855","61,87801242250044","22,763546820420967"
417,"16,139315853316933","61,92802268073612","22,932661465946907"
418,"15,92241389698311","61,97525281060577","23,102333292411082"
419,"15,707731643331417","62,01971191405621","23,27255644261233"
420,"15,495265362033603","62,061409629765265","23,443325008201093"
421,"15,285010845566942","62,100356123531284","23,614633030901725"
422,"15,076963417756865","62,13656207849975","23,786474503743335"
423,"14,871117942464481","62,170038685236975","23,9588433722985"
424,"14,66746883240943","62,200797631661274","24,13173353592926"
425,"14,46601005811847","62,228851092841666","24,30513884903982"
426,"14,266735156990322","62,254211720674334","24,47905312233531"
427,"14,069637242467271","62,276892633446685","24,653470124086006"
428,"13,874709013304175","62,29690740529931","24,828383581396476"
429,"13,681942762925525","62,31427005559548","25,003787181478963"
430,"13,491330388861376","62,32899503820812","25,179674572930477"
431,"13,302863402252997","62,34109723073398","25,356039367012997"
432,"13,11653293741924","62,350591923644544","25,532875138936188"
433,"12,932329761474731","62,35749480938317","25,71017542914207"
434,"12,750244283991135","62,3618219714178","25,887933744591045"
435,"12,570266566692856","62,363589873258356","26,066143560048754"
436,"12,392386333178697","62,3628153474481","26,24479831937317"
437,"12,216592978661174","62,35951558453741","26,423891436801384"
438,"12,042875579715297","62,35370812204913","26,603416298235544"
439,"11,87122290402886","62,345410833443694","26,78336626252742"
440,"11,701623420146392","62,33464191709256","26,96373466276102"
441,"11,534065307199162","62,32141988526803","27,144514807532786"
442,"11,368536464613777","62,30576355315736","27,325699982228834"
443,"11,205024521792128","62,28769202790915","27,5072834502987"
444,"11,043516847755619","62,267224697719186","27,68925845452518"
445,"10,884000560746848","62,24438122096348","27,871618218289658"
446,"10,726462537782059","62,21918151538538","28,054355946832555"
447,"10,570889424147948","62,19164574734369","28,237464828508354"
448,"10,417267642836608","62,1617943211286","28,420938036034787"
449,"10,265583403912562","62,129647868351746","28,604768727735692"
450,"10,115822713806125","62,095227237416736","28,78895004877714"
451,"9,96797138452751","62,05855348307611","28,97347513239638"
452,"9,82201504279631","62,01964785608048","29,158337101123205"
453,"9,677939139081229","61,978531792925494","29,34352906799328"
454,"9,535728956545148","61,93522690570174","29,529044137753107"
455,"9,395369619890841","61,88975497205298","29,714875408056184"
456,"9,256846104102856","61,84213792524715","29,90101597065"
457,"9,12014324308131","61,792397844365176","30,08745891255351"
458,"8,985245738163606","61,740556944611654","30,274197317224733"
459,"8,852138166530196","61,6866375677517","30,461224265718105"
460,"8,720804989490865","61,63066217267782","30,648532837831308"
461,"8,591230560648123","61,57265332611067","30,8361161132412"
462,"8,463399133934542","61,512633693436875","31,023967172628577"
463,"8,337294871521108","61,45062602968744","31,21207909879145"
464,"8,212901851593827","61,38665317065961","31,40044497774655"
465,"8,090204075996063","61,32073802418512","31,58905789981881"
466,"7,969185477734269","61,25290356154721","31,777910960718515"
467,"7,8498299283449855","61,18317280904907","31,966997262605936"
468,"7,732121245121161","61,111568839735696","32,156309915143126"
469,"7,616043198196071","61,03811476527121","32,34584203653271"
470,"7,501579517483262","60,962833727973305","32,53558675454343"
471,"7,388713899471172","60,885748893006564","32,72553720752226"
472,"7,277430013871226","60,80688344073596","32,9156865453928"
473,"7,167711510118408","60,72626055924164","33,10602793063994"
474,"7,05954202372347","60,64390343699611","33,29655453928041"
475,"6,952905182476108","60,559835255704655","33,48725956181923"
476,"6,847784612498603","60,47407918330957","33,678136204191816"
477,"6,744163944149572","60,386658367158816","33,8691776886916"
478,"6,642026817777657","60,29759592733929","34,06037725488305"
479,"6,541356889325082","60,20691495017492","34,25172816049999"
480,"6,442137835781211","60,114638481889735","34,44322368232904"
481,"6,344353360486316","60,02078952243551","34,63485711707816"
482,"6,2479871982859585","59,92539101948388","34,82662178223015"
483,"6,153023120536474","59,82846586258254","35,01851101688097"
484,"6,059444939962197","59,73003687747478","35,21051818256301"
485,"5,967236515365174","59,630126820581864","35,40263666405294"
486,"5,876381756188234","59,52875837364735","35,5948598701644"
487,"5,786864626932382","59,425954138542394","35,787181234525214"
488,"5,698669151429608","59,32173663223108","35,9795942163393"
489,"5,611779416972284","59,216128281894605","36,172092301133105"
490,"5,526179578300422","59,10915142021296","36,36466900148661"
491,"5,4418538614481715","59,00082828080291","36,55731785774891"
492,"5,358786567450991","58,89118099381072","36,75003243873829"
493,"5,276962075915037","58,7802315816581","36,94280634242686"
494,"5,196364848450375","58,668001954939825","37,1356331966098"
495,"5,116979431969701","58,55451390847122","37,32850665955908"
496,"5,038790461854306","58,439789117483826","37,52142042066187"
497,"4,9617826649891095","58,32384913396736","37,714368201043534"
498,"4,885940862668624","58,20671538315602","37,90734375417535"
499,"4,811249973375772","58,08840916015734","38,10034086646689"
500,"4,737695015435533","57,968951626721264","38,29335335784321"
501,"4,665261109545445","57,84836380814766","38,48637508230689"
502,"4,593933481185008","57,726666590330034","38,679399928484955"
503,"4,523697462906107","57,60388071693313","38,87242182016075"
504,"4,454538496506573","57,48002678670249","39,06543471679093"
505,"4,386442135089064","57,35512525090343","39,2584326140075"
506,"4,319394045007439","57,22919641088738","39,45140954410517"
507,"4,25338000770286","57,102260415783235","39,64435957651391"
508,"4,188385921431848","56,97433726031109","39,83727681825706"
509,"4,124397802888555","56,845446782716586","40,030155414394855"
510,"4,061401788723501","56,7156086628229","40,2229895484536"
511,"3,9993841369610896","56,58484242019831","40,415773442840596"
512,"3,938331228318154","56,45316741243691","40,60850135924493"
513,"3,878229567425847","56,32060283354994","40,80116759902421"
514,"3,8190657839571656","56,1871677124654","40,993766503577426"
515,"3,7608266336624028","56,05288091163358","41,18629245470402"
516,"3,7034989993148217","55,917761125735844","41,37873987494933"
517,"3,6470698915688406","55,7818268804946","41,571103227936554"
518,"3,5915264497330086","55,64509653158173","41,763377018685254"
519,"3,5368559424600425","55,507588263623205","41,955555793916744"
520,"3,4830457683561904","55,36932008929746","42,14763414234634"
521,"3,4300834565121616","55,23030984852516","42,339606694962676"
522,"3,3779566669578625","55,090575207747904","42,53146812529423"
523,"3,3266531910431465","54,95013365929361","42,72321314966324"
524,"3,276160951746781","54,80900252082613","42,9148365274271"
525,"3,226468003915803","54,66719893487674","43,106333061207465"
526,"3,1775625344374197","54,52473986845542","43,29769759710717"
527,"3,1294328623455874","54,3816421127393","43,48892502491512"
528,"3,0820674388643736","54,237922282836266","43,68001027829937"
529,"3,0354548473901874","54,093596817621325","43,8709483349885"
530,"2,9895838034149285","53,94868197964365","44,06173421694143"
531,"2,9444431543920895","53,80319385510197","44,25236299050595"
532,"2,9000218795478045","53,65714835388623","44,442829766565985"
533,"2,856309089638816","53,510561209683324","44,63312970067788"
534,"2,813294026659299","53,36344798014494","44,82325799319578"
535,"2,770966063498453","53,21582404711516","45,0132098893864"
536,"2,729314703550732","53,06770461691612","45,20298067953317"
537,"2,6883295802805613","52,91910472068937","45,392565699030094"
538,"2,648000456743355","52,770039214791254","45,58196032846541"
539,"2,608317225064602","52,62052278124018","45,77115999369523"
540,"2,569269905878778","52,47056992821389","45,96016016590734"
541,"2,53084864772978","52,3201949905949","46,14895636167533"
542,"2,4930437264345695","52,16941213056222","46,337544143003214"
543,"2,4558455444116607","52,01823533822764","46,52591911736071"
544,"2,4192446299760593","51,866678432314586","46,714076937709365"
545,"2,3832316366022264","51,714755060878076","46,902013302519705"
546,"2,3477973421566003","51,5624787020639","47,089723955779505"
547,"2,31293264810118","51,409862664905376","47,27720468699346"
548,"2,2786285786696348","51,25692009015607","47,4644513311743"
549,"2,2448762800173747","51,10366395115695","47,65145976882568"
550,"2,211667019346972","50,95010705473625","47,838225925916795"
551,"2,1789921840102995","50,79626204214061","48,0247457738491"
552,"2,1468432805887145","50,64214138999615","48,211015329415154"
553,"2,115211933952575","50,487757411297615","48,39703065474983"
554,"2,0840898863013484","50,333122256424694","48,58278785727398"
555,"2,0534689961855435","50,17824791418364","48,768283089630835"
556,"2,0233412375116426","50,02314621287322","48,953512549615155"
557,"1,993698698531206","49,86782882137339","49,13847248009542"
558,"1,9645335808152615","49,71230725025562","49,32315916892913"
559,"1,935838198215076","49,55659285291354","49,5075689488714"
560,"1,9076049758103668","49,4006968267126","49,69169819747705"
561,"1,879826448845979","49,24463021415778","49,87554333699626"
562,"1,8524952616580264","49,08840390407798","50,059100834264015"
563,"1,825604166590457","48,932028632826096","50,242367200583466"
564,"1,7991460229029816","48,775514985493714","50,425338991603326"
565,"1,7731137956712641","48,618873397139225","50,60801280718953"
566,"1,7475005546802513","48,462114154028555","50,790385291291216"
567,"1,7222994733114836","48,3052473948873","50,97245313180123"
568,"1,697503827425206","48,14828311216351","51,1542130604113"
569,"1,673106994238063","47,9912311533","51,33566185246196"
570,"1,6491024511971404","47,834101222015406","51,51679632678747"
571,"1,6254837748510849","47,676902879593165","51,697613345555766"
572,"1,602244639719007","47,51964554617737","51,87810981410364"
573,"1,5793788171578498","47,36233850207489","52,05828268076727"
574,"1,5568801742288723","47,204990889062884","52,23812893670826"
575,"1,5347426725638817","47,0476117117009","52,41764561573523"
576,"1,5129603672318162","46,89020983864694","52,596829794121255"
577,"1,4915274056062566","46,732794003976686","52,77567859041707"
578,"1,4704380262344288","46,5753728085052","52,95418916526039"
579,"1,4496865577082239","46,41795472111055","53,13235872118125"
580,"1,4292674175377538","46,26054808005854","53,31018450240372"
581,"1,4091751110279267","46,10316109432817","53,487663794643915"
582,"1,3894042301585119","45,94580184493699","53,66479392490451"
583,"1,3699494524681426","45,788478286265956","53,84157226126591"
584,"1,35080553994268","45,63119824738319","54,017996212674134"
585,"1,331967337908349","45,473969433366115","54,19406322872555"
586,"1,3134297739300302","45,31679942662142","54,36977079944856"
587,"1,2951878567150787","45,15969568820254","54,54511645508239"
588,"1,2772366750230195","45,00266555912394","54,720097765853055"
589,"1,2595713965814526","44,845716261671996","54,89471234174656"
590,"1,2421872670084821","44,6888549007119","55,06895783227963"
591,"1,2250796087419697","44,53208846499025","55,24283192626778"
592,"1,2082438199758934","44,375423828432965","55,41633235159115"
593,"1,1916753736040784","44,21886775143801","55,58945687495792"
594,"1,1753698161715518","44,06242688216286","55,7622033016656"
595,"1,1593227668337567","43,90610775780601","55,93456947536024"
596,"1,143529916323848","43,74991680588259","56,10655327779357"
597,"1,1279870259282774","43,59386034549345","56,27815262857829"
598,"1,1126899264708627","43,43794458858762","56,44936548494153"
599,"1,097634517305521","43,28217564121789","56,6201898414766"
600,"1,0828167653178364","43,12655950478911","56,79062372989308"
601,"1,0682327039356172","42,97110207729904","56,960665218765364"
602,"1,0538784321485872","42,815809154571625","57,1303124132798"
603,"1,039750113537345","42,660686431482276","57,299563454980394"
604,"1,025843975311712","42,5057395031751","57,468416521513205"
605,"1,012156307358581","42,350973866271836","57,6368698263696"
606,"0,9986834612993682","42,19639492007235","57,8049216186283"
607,"0,9854218495571555","42,04200796774642","57,97257018269644"
608,"0,9723679444336094","41,88781821751685","58,139813838049555"
609,"0,9595182771957466","41,733830783833504","58,30665093897076"
610,"0,9468694371726094","41,58005068853838","58,47307987428903"
611,"0,9344180708619083","41,426482862021395","58,63909906711671"
612,"0,9221608810466757","41,273132144366926","58,80470697458641"
613,"0,9100946259219724","41,120003286490885","58,96990208758716"
614,"0,8982161182316772","40,967100951268215","59,13468293050012"
615,"0,886522224415384","40,81442971465092","59,29904806093371"
616,"0,875009863765424","40,66199406677623","59,462996069458356"
617,"0,8636760075940242","40,50979841306512","59,626525579340864"
618,"0,8525176784106049","40,35784707531092","59,78963524627848"
619,"0,8415319491092171","40,20614429275811","59,95232375813268"
620,"0,8307159421661101","40,05469422317107","60,11458983466283"
621,"0,8200668288474169","39,903500943892915","60,27643222725967"
622,"0,8095818284269399","39,75256845289435","60,43784971867871"
623,"0,7992582074140121","39,60190066981232","60,59884112277367"
624,"0,7890932787914064","39,45150143697876","60,75940528422984"
625,"0,7790844012632604","39,30137452043908","60,91954107829766"
626,"0,7692289785129782","39,15152361096071","61,079247410526314"
627,"0,7595244584710699","39,00195232503137","61,23852321649756"
628,"0,7499683325928811","38,852664205847326","61,39736746155979"
629,"0,7405581351461661","38,7036627242915","61,555779140562336"
630,"0,7312914425084495","38,55495127990142","61,71375727759013"
631,"0,7221658724741224","38,406533201827145","61,871300925698726"
632,"0,7131790835712134","38,25841174977909","62,02840916664969"
633,"0,7043287743877717","38,110590114965746","62,18508111064648"
634,"0,6956126829077993","37,9630714210214","62,3413158960708"
635,"0,6870285858566623","37,81585872492382","62,49711268921951"
636,"0,6785742980559137","37,668955017902036","62,652470684042044"
637,"0,6702476717874548","37,52236322633406","62,807389101878485"
638,"0,6620465961669588","37,37608621263477","62,96186719119827"
639,"0,6539689965264837","37,230126776133936","63,11590422733958"
640,"0,6460128338061927","37,08448765394441","63,269499512249396"
641,"0,6381761039551048","36,93917152182052","63,42265237422438"
642,"0,6304568373407917","36,79418099500678","63,57536216765243"
643,"0,6228530981679392","36,64951862907691","63,72762827275515"
644,"0,615362983905688","36,50518692076323","63,87945009533108"
645,"0,6079846247236679","36,361188308776505","64,03082706649982"
646,"0,6007161829366388","36,217525174616284","64,18175864244708"
647,"0,5935558524576506","36,07419984337179","64,33224430417056"
648,"0,5865018582596326","35,93121458451344","64,48228355722692"
649,"0,5795524558453221","35,78857161267507","64,63187593147961"
650,"0,5727059307254436","35,646273088426824","64,78102098084773"
651,"0,5659605979050454","35,50432111903899","64,92971828305596"
652,"0,5593148013779025","35,3627177592366","65,07796743938549"
653,"0,5527669136288944","35,22146501194507","65,22576807442603"
654,"0,5463153351442641","35,08056482902681","65,37311983582892"
655,"0,5399584939296654","34,94001911200897","65,52002239406136"
656,"0,5336948450359065","34,799829712802314","65,66647544216177"
657,"0,5275228700922948","34,65999843441142","65,81247869549627"
658,"0,5214410768474913","34,52052703163609","65,9580318915164"
659,"0,515447998717779","34,38141721176426","66,10313478951794"
660,"0,5095421943426536","34,242670635256275","66,24778717040104"
661,"0,503722247147642","34,10428891642084","66,39198883643148"
662,"0,4979867649142561","33,966273624082476","66,53573961100324"
663,"0,49233437935698704","33,82862628224075","66,67903933840223"
664,"0,4867637457072496","33,69134837072127","66,82188788357145"
665,"0,48127354230418173","33,554441325818544","66,96428513187723"
666,"0,47586247019220806","33,41790654093078","67,10623098887697"
667,"0,47052925272527535","33,28174536718668","67,24772538008801"
668,"0,465272635177668","33,14595911406437","67,38876825075793"
669,"0,4600913843613127","33,010549050002496","67,52935956563616"
670,"0,45498428824948167","32,87551640300357","67,66949930874691"
671,"0,4499501556068041","32,74086236122966","67,8091874831635"
672,"0,4449878156254965","32,606588073590466","67,94842411078399"
673,"0,44009611756772243","32,472694650323994","68,08720923210824"
674,"0,4352739304139942","32,33918316356966","68,2255429060163"
675,"0,4305201425175275","32,20605464793416","68,36342520954827"
676,"0,4258336612644629","32,07331010105007","68,50085623768543"
677,"0,4212134127398671","31,94095048412716","68,63783610313293"
678,"0,4166583413994284","31,80897672249676","68,77436493610377"
679,"0,4121674097467616","31,677389706148944","68,91044288410424"
680,"0,4077395980162373","31,546190290262864","69,04607011172084"
681,"0,4033739038612534","31,41537929573019","69,1812468004085"
682,"0,39906934204786404","31,28495750967172","69,31597314828036"
683,"0,39482494415368624","31,154925685947333","69,45024936989893"
684,"0,39063975827200126","31,025284545659247","69,5840756960687"
685,"0,38651284872097114","30,896034777648754","69,71745237363022"
686,"0,38244329575789077","30,767177038986453","69,8503796652556"
687,"0,3784301952983968","30,63871195545606","69,98285784924549"
688,"0,3744726586405552","30,510640122031916","70,11488721932747"
689,"0,3705698121937509","30,382962103350195","70,246468084456"
690,"0,36672079721230283","30,25567843417394","70,3776007686137"
691,"0,3629247695337295","30,12878961985201","70,50828561061421"
692,"0,35918089932159036","30,002296136771943","70,63852296390641"
693,"0,35548837081282975","29,876198432806888","70,76831319638022"
694,"0,35184638206955","29,750496927756622","70,89765669017376"
695,"0,3482541447351428","29,625192013782748","71,02655384148204"
696,"0,3447108837947073","29,500284055838133","71,15500506036709"
697,"0,3412158373396848","29,375773392090696","71,28301077056955"
698,"0,3377682563366415","29,251660334341526","71,41057140932176"
699,"0,3343674044001302","29,127945168437503","71,5376874271623"
700,"0,33101255756956427","29,00462815467842","71,66435928775194"
701,"0,3277030040900369","28,881709528218725","71,79058746769115"
702,"0,32443804419702005","28,759189499463872","71,91637245633902"
703,"0,3212169899048787","28,63706825446145","72,04171475563358"
704,"0,3180391647991358","28,515345955287078","72,1666148799137"
705,"0,31490390383242584","28,394022740425154","72,29107335574233"
706,"0,311810553124074","28,273098725144532","72,4150907217313"
707,"0,3087584697632402","28,152574001869205","72,53866752836745"
708,"0,30574702161556716","28,03244864054401","72,66180433784032"
709,"0,3027755871332737","27,91272268899543","72,7845017238712"
710,"0,29984355516863337","27,793396173287633","72,90676027154365"
711,"0,29695032479078187","27,674469098073683","73,02858057713544"
712,"0,29409530510579507","27,555941446942082","73,14996324795203"
713,"0,2912779150799822","27,437813182758653","73,27090890216127"
714,"0,28849758336633874","27,320084248003845","73,39141816862971"
715,"0,28575374813410415","27,202754565105515","73,51149168676028"
716,"0,2830458569013711","27,085824036767242","73,63113010633128"
717,"0,28037336637069293","26,969292546292227","73,75033408733698"
718,"0,27773574226763786","26,853159957902836","73,86910429982943"
719,"0,2751324591822378","26,73742611705586","73,98744142376181"
720,"0,27256300041328185","26,622090850753533","74,10534614883309"
721,"0,27002685781540486","26,50715396785034","74,22281917433416"
722,"0,26752353164892123","26,392615259355733","74,33986120899526"
723,"0,265052530432357","26,27847449873273","74,45647297083482"
724,"0,2626133707976317","26,164731442192515","74,57265518700976"
725,"0,26020557734784394","26,05138582898505","74,688408593667"
726,"0,2578286825176146","25,938437381685777","74,80373393579652"
727,"0,25548222643594226","25,825885806478436","74,91863196708553"
728,"0,2531657567915266","25,71373079343409","75,03310344977429"
729,"0,250878828700516","25,60197201678635","75,14714915451304"
730,"0,24862100457663605","25,490609135202885","75,26076986022039"
731,"0,24639185400365715","25,37964179205329","75,37396635394296"
732,"0,24419095361015872","25,2690696156733","75,48673943071645"
733,"0,24201788694654983","25,158892219625418","75,59908989342794"
734,"0,23987224436430557","25,049109202956057","75,71101855267955"
735,"0,2377536228973795","24,93972015044917","75,82252622665337"
736,"0,2356616261457534","24,830724632876446","75,93361374097772"
737,"0,23359586416108583","24,7221222072441","76,04428192859473"
738,"0,23155595333442192","24,613912417036367","76,15453162962913"
739,"0,22954151628592728","24,506094792455617","76,26436369125838"
740,"0,22755218175660963","24,398668850659273","76,37377896758404"
741,"0,2255875845019924","24,291634095993494","76,48277831950445"
742,"0,22364736518770495","24,18499002022366","76,59136261458858"
743,"0,22173117028695508","24,078736102761745","76,69953272695123"
744,"0,21983865197984945","23,97287181089062","76,80728953712946"
745,"0,2179694680545288","23,86739659998524","76,91463393196015"
746,"0,21612328181008508","23,762309913730906","77,02156680445893"
747,"0,21429976196122796","23,657611184338467","77,12808905370022"
748,"0,2124985825446693","23,55329983275666","77,23420158469858"
749,"0,21071942282719425","23,449375268881525","77,3399053082912"
750,"0,20896196721538834","23,34583689176298","77,44520114102154"
751,"0,20722590516699058","23,24268408980853","77,55009000502439"
752,"0,20551093110384272","23,139916240984288","77,65457282791178"
753,"0,203816744326406","23,037532713013153","77,75865054266035"
754,"0,20214304892981652","22,93553286357036","77,86232408749974"
755,"0,20048955372145139","22,83391604047627","77,9655944058022"
756,"0,1988559721399779","22,732681581886656","78,06846244597328"
757,"0,197242022175859","22,631828816480223","78,17092916134384"
758,"0,19564742629328802","22,53135706364371","78,27299551006293"
759,"0,1940719113535269","22,431265633654352","78,37466245499205"
760,"0,19251520853962217","22,33155382785989","78,47593096360042"
761,"0,19097705328247352","22,23222093885611","78,57680200786135"
762,"0,18945718518823007","22,133266250661947","78,67727656414975"
763,"0,18795534796699015","22,034689038892168","78,77735561314077"
764,"0,18647128936278082","21,936488570927686","78,87704013970946"
765,"0,18500476108479352","21,838664106083574","78,97633113283156"
766,"0,1835555187398529","21,741214895774696","79,07522958548537"
767,"0,18212332176609625","21,644140183679138","79,17373649455469"
768,"0,18070793336784138","21,547439205899327","79,27185286073275"
769,"0,179309120451621","21,451111191120972","79,36957968842732"
770,"0,1779266535633624","21,35515536076978","79,46691798566678"
771,"0,17656030682669122","21,25957092916603","79,5638687640072"
772,"0,1752098578823388","21,16435710367703","79,66043303844054"
773,"0,173875087828633","21,06951308486743","79,75661182730386"
774,"0,17255578116305215","20,975038066647468","79,8524061521894"
775,"0,17125172572482308","20,880931236419194","79,9478170378559"
776,"0,16996271263854384","20,787191775220638","80,04284551214073"
777,"0,1686885362588123","20,693818857867985","80,13749260587312"
778,"0,16742899411584214","20,600811653095796","80,23175935278829"
779,"0,16618388686204819","20,508169323695263","80,32564678944262"
780,"0,1649530182195832","20,415891026650563","80,41915595512978"
781,"0,16373619492880861","20,323975913273294","80,51228789179783"
782,"0,16253322669768228","20,232423129335064","80,60504364396718"
783,"0,16134392615204596","20,14123181519822","80,69742425864966"
784,"0,16016810878679644","20,050401105944765","80,78943078526837"
785,"0,15900559291792388","19,959930131503448","80,88106427557855"
786,"0,1578561996354014","19,86981801677514","80,97232578358938"
787,"0,15671975275691036","19,780063881756384","81,06321636548662"
788,"0,15559607878238596","19,690666841661283","81,15373707955625"
789,"0,15448500684936803","19,60162600704163","81,24388898610891"
790,"0,15338636868914238","19,5129404839054","81,33367314740538"
791,"0,15229999858365806","19,424609373833515","81,42309062758274"
792,"0,15122573332320619","19,336631774095068","81,51214249258165"
793,"0,15016341216484674","19,249006777760815","81,60082981007426"
794,"0,14911287679156915","19,16173347381517","81,68915364939319"
795,"0,1480739712721735","19,074810947266535","81,77711508146122"
796,"0,14704654202185902","18,988238279256148","81,86471517872192"
797,"0,14603043776350688","18,90201454716535","81,95195501507108"
798,"0,14502550948964468","18,816138824721335","82,03883566578895"
799,"0,14403161042508","18,73061018210143","82,12535820747343"
800,"0,14304859599019074","18,645427686035884","82,21152371797386"
801,"0,14207632376486026","18,56059039990918","82,2973332763259"
802,"0,14111465345304575","18,476097383859937","82,38278796268696"
803,"0,14016344684796764","18,39194769487938","82,4678888582726"
804,"0,13922256779790934","18,308140386908395","82,55263704529365"
805,"0,13829188217261568","18,224674510933212","82,63703360689412"
806,"0,13737125783027931","18,141549115079737","82,72107962708994"
807,"0,1364605645851043","18,058763244706494","82,80477619070835"
808,"0,13555967417543624","17,976315942496264","82,88812438332825"
809,"0,13466846023244866","17,894206248546418","82,97112529122109"
810,"0,1337867982493756","17,812433200457917","83,05378000129265"
811,"0,13291456555128012","17,73099583342309","83,13608960102557"
812,"0,13205164126534938","17,649893180312073","83,21805517842253"
813,"0,1311979062917062","17,569124271758046","83,2996778219502"
814,"0,1303532432747281","17,488688136241258","83,38095862048397"
815,"0,12951753657486434","17,408583800171773","83,46189866325332"
816,"0,1286906722409419","17,32881028797107","83,54249903978794"
817,"0,12787253798295165","17,24936662215245","83,62276083986455"
818,"0,12706302314530565","17,17025182340024","83,70268515345441"
819,"0,12626201868055748","17,091464910647865","83,78227307067154"
820,"0,1254694171235767","17,01300490115481","83,86152568172157"
821,"0,1246851125661695","16,934870810582407","83,94044407685139"
822,"0,12390900063213724","16,857061653068513","84,01902934629932"
823,"0,12314097845276513","16,77957644130115","84,09728258024606"
824,"0,12238094464273308","16,702414186590993","84,17520486876624"
825,"0,12162879927644109","16,625573898942832","84,25279730178069"
826,"0,1208844438647417","16,549054587125973","84,33006096900925"
827,"0,1201477813320722","16,472855258743557","84,40699695992433"
828,"0,1194187159939791","16,396974920300938","84,48360636370504"
829,"0,1186971535350281","16,32141257727295","84,55989026919197"
830,"0,11798300098709238","16,246167234170237","84,63584976484262"
831,"0,11727616670801234","16,171237894604563","84,71148593868737"
832,"0,11657656036062027","16,096623561353166","84,78679987828616"
833,"0,11588409289212313","16,02232323642212","84,8617926706857"
834,"0,11519867651383722","15,948335921108793","84,93646540237732"
835,"0,11452022468126817","15,874660616063302","85,01081915925538"
836,"0,11384865207453018","15,801296321349096","85,08485502657632"
837,"0,1131838745790983","15,728242036502593","85,15857408891826"
838,"0,11252580926688789","15,655496760591928","85,23197743014113"
839,"0,11187437437765523","15,583059492274808","85,30506613334748"
840,"0,11122948930071352","15,510929229855462","85,37784128084377"
841,"0,11059107455695885","15,439104971340758","85,45030395410222"
842,"0,1099590517812001","15,367585714495442","85,52245523372329"
843,"0,10933334370478787","15,29637045689653","85,59429619939861"
844,"0,10871387413853661","15,22545819598686","85,66582792987454"
845,"0,10810056795593509","15,154847929127836","85,73705150291616"
846,"0,10749335107663965","15,08453865365133","85,80796799527197"
847,"0,1068921504502456","15,014529366910804","85,87857848263889"
848,"0,10629689404033137","14,944819066331618","85,94888403962798"
849,"0,10570751080877097","14,87540674946057","86,01888573973059"
850,"0,10512393070030959","14,806291414014645","86,08858465528498"
851,"0,10454608462739791","14,737472057929015","86,15798185744352"
852,"0,10397390445528033","14,668947679404267","86,22707841614039"
853,"0,1034073229873328","14,600717276952906","86,2958754000597"
854,"0,10284627395064556","14,532779849445106","86,36437387660419"
855,"0,10229069198184675","14,465134396153733","86,43257491186436"
856,"0,10174051261316219","14,397779916798678","86,5004795705881"
857,"0,10119567225870765","14,330715411590443","86,56808891615078"
858,"0,10065610820100898","14,263939881273052","86,63540401052587"
859,"0,1001217585777465","14,19745232716627","86,70242591425591"
860,"0,09959256236871931","14,13125175120714","86,76915568642407"
861,"0,09906845938302597","14,065337155990841","86,83559438462606"
862,"0,0985493902464574","13,999707544810885","86,90174306494258"
863,"0,09803529638909851","13,93436192169867","86,96760278191215"
864,"0,09752612003313478","13,869299291462362","87,03317458850442"
865,"0,0970218041808601","13,804518659725163","87,0984595360939"
866,"0,09652229260288243","13,740019032962937","87,1634586744341"
867,"0,09602752982652385","13,67579941854121","87,22817305163218"
868,"0,09553746112441133","13,611858824751558","87,29260371412394"
869,"0,0950520325032552","13,548196260847401","87,35675170664926"
870,"0,09457119069281174","13,484810737079172","87,42061807222794"
871,"0,09409488313502687","13,421701264728922","87,48420385213598"
872,"0,09362305797335765","13,358866856144324","87,54751008588225"
873,"0,0931556640422685","13,296306524772103","87,61053781118557"
874,"0,092692650856899","13,234019285190904","87,67328806395213"
875,"0,09223396860290059","13,172004153143595","87,73576187825344"
876,"0,09177956812643875","13,11026014556901","87,79796028630449"
877,"0,09132940092435814","13,04878628063315","87,85988431844243"
878,"0,09088341913450769","12,987581577759853","87,92153500310557"
879,"0,09044157552622296","12,926645057660902","87,98291336681281"
880,"0,09000382349096288","12,86597574236565","88,04402043414332"
881,"0,08957011703309833","12,805572655250078","88,10485722771676"
882,"0,08914041076084991","12,74543482106537","88,16542476817372"
883,"0,08871465987737216","12,685561265965985","88,22572407415659"
884,"0,08829282017198194","12,625951017537203","88,28575616229077"
885,"0,08787484801152821","12,566603104822198","88,34552204716623"
886,"0,08746070033190102","12,507516558348621","88,40502274131943"
887,"0,08705033462967707","12,448690410154699","88,46425925521558"
888,"0,08664370895389961","12,390123693814854","88,5232325972312"
889,"0,08624078189799042","12,331815444464867","88,5819437736371"
890,"0,08584151259179139","12,273764698826568","88,64039378858159"
891,"0,08544586069373368","12,215970495232073","88,69858364407415"
892,"0,08505378638313214","12,158431873647567","88,75651433996926"
893,"0,08466525035260292","12,101147875696654","88,8141868739507"
894,"0,08428021380060201","12,044117544683253","88,8716022415161"
895,"0,08389863842408285","11,987339925614066","88,9287614359618"
896,"0,08352048641127081","11,930814065220623","88,98566544836805"
897,"0,08314572043455258","11,874539011980898","89,0423152675845"
898,"0,08277430364347846","11,818513816140516","89,09871188021596"
899,"0,0824061996578758","11,762737529733537","89,15485627060855"
900,"0,08204137256107143","11,70720920660284","89,21074942083605"
901,"0,08167978689322147","11,651927902420114","89,26639231068663"
902,"0,08132140764474649","11,596892674705442","89,32178591764978"
903,"0,08096620024987033","11,542102582846496","89,3769312169036"
904,"0,08061413058026087","11,487556688117355","89,43182918130235"
905,"0,0802651649387709","11,433254053696936","89,48648078136426"
906,"0,07991927005327738","11,379193744687043","89,54088698525965"
907,"0,07957641307061766","11,32537482813006","89,5950487587993"
908,"0,07923656155062066","11,271796373026277","89,64896706542308"
909,"0,0788996834602317","11,218457450350833","89,70264286618891"
910,"0,07856574716772928","11,165357133070342","89,7560771197619"
911,"0,07823472143703222","11,112494496159123","89,80927078240381"
912,"0,07790657542209573","11,059868616615118","89,86222480796276"
913,"0,07758127866139479","11,007478573475453","89,91494014786312"
914,"0,0772588010724936","10,955323447831661","89,96741775109581"
915,"0,0769391129466993","10,903402322844583","90,01965856420868"
916,"0,07662218494379894","10,851714283758911","90,07166353129726"
917,"0,07630798808687791","10,800258417917444","90,12343359399564"
918,"0,0759964937572189","10,749033814775006","90,17496969146774"
919,"0,07568767368927955","10,698039565912032","90,22627276039864"
920,"0,07538149996574794","10,647274765047875","90,27734373498633"
921,"0,07507794501267435","10,596738508053779","90,3281835469335"
922,"0,074776981594678","10,54642989296556","90,37879312543971"
923,"0,07447858281022766","10,496348019995988","90,42917339719374"
924,"0,07418272208699495","10,446491991546862","90,47932528636609"
925,"0,07388937317727877","10,396860912220804","90,52924971460186"
926,"0,07359851015350018","10,347453888832769","90,57894760101368"
927,"0,07331010740376609","10,298270030421252","90,62841986217494"
928,"0,07302413962750097","10,249308448259246","90,67766741211321"
929,"0,07274058183114526","10,200568255864882","90,72669116230392"
930,"0,07245940932391944","10,152048569011836","90,77549202166419"
931,"0,07218059771365265","10,103748505739441","90,82407089654686"
932,"0,07190412290267488","10,055667186362546","90,87242869073472"
933,"0,07162996108377152","10,00780373348111","90,92056630543506"
934,"0,07135808873619942","9,960157271989528","90,96848463927421"
935,"0,07108848262176332","9,912726929085725","91,01618458829245"
936,"0,07082111978095171","9,86551183427997","91,06366704593901"
937,"0,07055597752913118","9,81851111940347","91,11093290306734"
938,"0,07029303345279818","9,771723918616692","91,15798304793044"
939,"0,07003226540588744","9,725149368417467","91,20481836617658"
940,"0,06977365150613593","9,678786607648844","91,25143974084496"
941,"0,06951717013150154","9,63263477750671","91,29784805236173"
942,"0,06926279991663563","9,586693021547175","91,34404417853612"
943,"0,06901051974940853","9,540960485693743","91,39002899455679"
944,"0,06876030876748704","9,49543631824424","91,43580337298822"
945,"0,06851214635496326","9,450119669877523","91,48136818376746"
946,"0,06826601213903381","9,40500969365999","91,52672429420092"
947,"0,06802188598672858","9,36010554505184","91,57187256896137"
948,"0,06777974800168829","9,315406381913148","91,6168138700851"
949,"0,0675395785209901","9,270911364509717","91,66154905696922"
950,"0,06730135811202037","9,226619655518725","91,70607898636918"
951,"0,06706506756939389","9,182530420034162","91,75040451239637"
952,"0,06683068791191879","9,13864282557208","91,79452648651593"
953,"0,06659820037960652","9,094956042075628","91,8384457575447"
954,"0,06636758643072596","9,051469241919898","91,88216317164931"
955,"0,06613882773890108","9,008181599916576","91,92567957234445"
956,"0,06591190619025149","8,965092293318412","91,96899580049127"
957,"0,0656868038805751","8,92220050182348","92,01211269429588"
958,"0,06546350311257226","8,879505407579277","92,05503108930809"
959,"0,0652419863931107","8,837006195186625","92,0977518184202"
960,"0,06502223643053061","8,794702051703394","92,14027571186601"
961,"0,06480423613198925","8,752592166648054","92,1826035972199"
962,"0,0645879686008445","8,710675732003038","92,22473629939606"
963,"0,0643734171340765","8,668951942217955","92,2666746406479"
964,"0,06416056521974718","8,627419994212614","92,30841944056758"
965,"0,06394939653449667","8,586079087379877","92,34997151608556"
966,"0,06373989494107622","8,54492842358837","92,39133168147049"
967,"0,06353204448591705","8,503967207185005","92,43250074832902"
968,"0,06332582939673449","8,463194644997362","92,47347952560584"
969,"0,06312123408016689","8,422609946335898","92,51426881958388"
970,"0,06291824311944867","8,382212322996004","92,55486943388449"
971,"0,06271684127211723","8,342000989259917","92,59528216946791"
972,"0,06251701346775275","8,301975161898461","92,63550782463372"
973,"0,06231874480575084","8,26213406017267","92,67554719502151"
974,"0,062122020553127155","8,222476905835222","92,71540107361157"
975,"0,061926826142353626","8,183002923131767","92,75507025072581"
976,"0,061733147169225865","8,143711338802088","92,79455551402862"
977,"0,06154096939076111","8,10460138208113","92,83385764852804"
978,"0,06135027872312637","8,065672284699895","92,8729774365769"
979,"0,06116106123959619","8,026923280886184","92,91191565787415"
980,"0,06097330316853965","7,988353607365221","92,95067308946616"
981,"0,060786990891436084","7,949962503360143","92,98925050574834"
982,"0,06060211094091916","7,911749210592342","93,02764867846666"
983,"0,06041864999884873","7,873712973281702","93,06586837671938"
984,"0,06023659489441016","7,8358530381466895","93,10391036695883"
985,"0,06005593260224068","7,798168654404337","93,14177541299335"
986,"0,05987665024058226","7,760659073770084","93,17946427598926"
987,"0,0596987350694607","7,723323550457512","93,21697771447296"
988,"0,05952217448889046","7,686161341177956","93,25431648433309"
989,"0,05934695603710488","7,649171705139995","93,29148133882283"
990,"0,05917306738881134","7,612353904048829","93,3284730285623"
991,"0,059000496353471044","7,575707202105544","93,36529230154092"
992,"0,058829230873603006","7,539230866006263","93,40193990312007"
993,"0,05865925902311186","7,502924164941188","93,43841657603564"
994,"0,058490569005639155","7,466786370593528","93,47472306040076"
995,"0,05832314915293777","7,4308167571383255","93,51086009370867"
996,"0,05815698792326907","7,39501460124118","93,54682841083549"
997,"0,05799207389982248","7,359379182056858","93,58262874404326"
998,"0,05782839578915712","7,323909781227809","93,61826182298297"
999,"0,057665942419665196","7,288605682882579","93,65372837469769"
1000,"0,05750470274005674","7,253466173634125","93,68902912362576"
1001,"0,05734466581786549","7,218490542578031","93,72416479160404"
1002,"0,05718582083797542","7,183678081290628","93,75913609787133"
1003,"0,057028157101167834","7,149028083827023","93,79394375907175"
1004,"0,0568716640226885","7,114539846719032","93,82858848925822"
1005,"0,0567163311308346","7,0802126689730205","93,86307099989608"
1006,"0,05656214806556127","7,046045852067661","93,89739199986671"
1007,"0,05640910457710729","7,012038699951593","93,93155219547124"
1008,"0,05625719052463975","6,978190519041004","93,9655522904343"
1009,"0,05610639587491736","6,944500618217117","93,99939298590792"
1010,"0,05595671070097212","6,9109683088236045","94,03307498047538"
1011,"0,055808125180809104","6,877592904663912","94,06659897015523"
1012,"0,05566062959612401","6,844373721998497","94,09996564840533"
1013,"0,05551421433103832","6,811310079542001","94,1331757061269"
1014,"0,05536886987085173","6,77840129846033","94,16622983166876"
1015,"0,05522458680081159","6,745646702367663","94,19912871083146"
1016,"0,055081355804899146","6,713045617323387","94,23187302687165"
1017,"0,054939167664632284","6,680597371828949","94,26446346050636"
1018,"0,054798013257884574","6,648301296824646","94,29690068991741"
1019,"0,054657883557720326","6,616156725686334","94,32918539075588"
1020,"0,05451876963124545","6,584162994222069","94,36131823614662"
1021,"0,054380662638473895","6,552319440668677","94,39329989669278"
1022,"0,054243553831209365","6,52062540568826","94,42513104048047"
1023,"0,05410743455194222","6,489080232364627","94,45681233308336"
1024,"0,053972296232761174","6,457683266199667","94,4883444375675"
1025,"0,05383813039427971","6,426433855109652","94,519728014496"
1026,"0,05370492864457689","6,3953313494214745","94,55096372193388"
1027,"0,053572682678152427","6,364375101868832","94,58205221545295"
1028,"0,05344138427489576","6,333564467588337","94,61299414813669"
1029,"0,05331102529906896","6,302898804115574","94,64379017058528"
1030,"0,053181597698303204","6,2723774713811","94,67444093092051"
1031,"0,0530530935026087","6,241999831706378","94,70494707479092"
1032,"0,05292550482339781","6,21176524979966","94,73530924537685"
1033,"0,05279882385252117","6,181673092751811","94,76552808339558"
1034,"0,052673042861316674","6,1517227300320805","94,79560422710651"
1035,"0,052548154199671064","6,121913533483818","94,82553831231641"
1036,"0,052424150295094","6,092244877320134","94,85533097238468"
1037,"0,0523010236518044","6,0627161381195105","94,8849828382286"
1038,"0,05217876684982885","6,033326694821367","94,91449453832871"
1039,"0,05205737254411197","6,00407592872156","94,94386669873424"
1040,"0,0519368334636385","5,974963223467852","94,97309994306842"
1041,"0,051817142410566966","5,945987965055318","95,00219489253402"
1042,"0,05169829225937476","5,917149541821717","95,03115216591881"
1043,"0,05158027595601445","5,888447344442802","95,05997237960109"
1044,"0,05146308651708119","5,8598807659276035","95,08865614755523"
1045,"0,05134671702899102","5,831449201613651","95,11720408135727"
1046,"0,05123116064716995","5,803152049162165","95,14561679019059"
1047,"0,05111641059525365","5,774988708553193","95,17389488085148"
1048,"0,05100246016429759","5,7469585820807145","95,20203895775491"
1049,"0,05088930271199745","5,719061074347705","95,23004962294021"
1050,"0,050776931661919766","5,691295592261148","95,25792747607684"
1051,"0,0506653405027425","5,663661545027023","95,28567311447014"
1052,"0,05055452278750552","5,636158344145243","95,31328713306716"
1053,"0,050444472132870816","5,608785403404566","95,34077012446248"
1054,"0,050335182218392276","5,581542138877455","95,36812267890407"
1055,"0,05022664678579491","5,554427968914916","95,3953453842992"
1056,"0,05011885963826341","5,527442314141295","95,42243882622036"
1057,"0,05001181463973989","5,500584597449037","95,44940358791114"
1058,"0,04990550571423064","5,47385424399342","95,47624025029226"
1059,"0,04979992684512189","5,4472506811872465","95,50294939196755"
1060,"0,04969507207450424","5,420773338695511","95,5295315892299"
1061,"0,04959093550250591","5,394421648430033","95,55598741606738"
1062,"0,04948751128663439","5,368195044544054","95,58231744416923"
1063,"0,04938479364112665","5,342092963426819","95,60852224293198"
1064,"0,04928277683630758","5,316114843698109","95,6346023794655"
1065,"0,04918145519795665","5,290260126202762","95,66055841859921"
1066,"0,04908082310668264","5,2645282540051594","95,68639092288808"
1067,"0,048980874997306315","5,238918672383682","95,71210045261894"
1068,"0,048881605358251014","5,213430828825145","95,73768756581653"
1069,"0,0487830087309409","5,1880641730192085","95,76315281824978"
1070,"0,04868507970920689","5,162818156852754","95,78849676343796"
1071,"0,04858781293870009","5,137692234404242","95,81371995265698"
1072,"0,048491203116312706","5,112685861938055","95,83882293494555"
1073,"0,04839524498960616","5,087798497898795","95,86380625711152"
1074,"0,048299933356246535","5,063029602905582","95,8886704637381"
1075,"0,048205263063447086","5,038378639746312","95,91341609719017"
1076,"0,04811122900741774","5,013845073371907","95,9380436976206"
1077,"0,04801782613282156","4,989428370890538","95,96255380297657"
1078,"0,04792504943223802","4,965128001561827","95,98694694900587"
1079,"0,04783289394563299","4,940943436791033","96,01122366926327"
1080,"0,04774135475983537","4,916874150123214","96,03538449511689"
1081,"0,04765042700802025","4,892919617237378","96,05942995575454"
1082,"0,04756010586919857","4,869079315940606","96,08336057819014"
1083,"0,04747038656771306","4,8453527261621705","96,10717688727006"
1084,"0,047381264372740525","4,821739329947625","96,13087940567958"
1085,"0,04729273459780032","4,798238611452881","96,15446865394927"
1086,"0,04720479260026886","4,774850056938276","96,1779451504614"
1087,"0,04711743378090024","4,751573154762617","96,20130941145642"
1088,"0,047030653583352726","4,728407395377215","96,22456195103938"
1089,"0,046944447493721134","4,705352271319904","96,24770328118632"
1090,"0,04685881104007497","4,682407277209043","96,27073391175082"
1091,"0,046773739792002285","4,659571909737509","96,29365435047043"
1092,"0,04668922936015914","4,63684566766668","96,31646510297311"
1093,"0,04660527539582459","4,614228051820396","96,33916667278373"
1094,"0,0465218735904612","4,591718565078916","96,36175956133057"
1095,"0,04643901967528088","4,569316712372866","96,3842442679518"
1096,"0,046356709420816086","4,547022000677164","96,40662128990196"
1097,"0,04627493863649626","4,524833939004951","96,4288911223585"
1098,"0,046193703170229444","4,502752038401499","96,45105425842821"
1099,"0,046112998907988985","4,480775811938115","96,47311118915384"
1100,"0,04603282177340532","4,45890477470604","96,49506240352049"
1101,"0,04595316772736268","4,437138443810325","96,51690838846226"
1102,"0,04587403276760073","4,415476338363723","96,53864962886863"
1103,"0,045795412928321046","4,393917979480542","96,56028660759108"
1104,"0,045717304279798344","4,372462890270524","96,58181980544963"
1105,"0,04563970292799643","4,351110595832688","96,60324970123926"
1106,"0,04556260501418878","4,329860623249189","96,62457677173657"
1107,"0,04548600671458376","4,308712501579156","96,64580149170621"
1108,"0,045409904239954266","4,287665761852529","96,66692433390746"
1109,"0,0453342938352719","4,266719937063896","96,68794576910078"
1110,"0,04525917177934554","4,245874562166313","96,70886626605429"
1111,"0,04518453438446423","4,225129174065135","96,72968629155035"
1112,"0,045110377996044365","4,204483311611828","96,75040631039208"
1113,"0,045036698992281105","4,183936515597786","96,77102678540989"
1114,"0,04496349378380395","4,163488328748145","96,791548177468"
1115,"0,04489075881333646","4,143138295715587","96,81197094547103"
1116,"0,044818490555359976","4,122885963074146","96,83229554637045"
1117,"0,04474668551578144","4,102730879313011","96,85252243517115"
1118,"0,044675340231605076","4,082672594830332","96,87265206493801"
1119,"0,04460445127060804","4,062710661927011","96,89268488680233"
1120,"0,044534015231019894","4,042844634800503","96,91262134996842"
1121,"0,04446402874120587","4,023074069538618","96,93246190172012"
1122,"0,04439448845935391","4,0033985241133045","96,95220698742729"
1123,"0,0443253910731654","3,9838175583744593","96,97185705055232"
1124,"0,044256733299549544","3,964330734043711","96,99141253265668"
1125,"0,04418851188432133","3,9449376147082216","97,0108738734074"
1126,"0,04412072360190312","3,9256377658144808","97,03024151058356"
1127,"0,044053365255029654","3,9064307546621024","97,04951588008282"
1128,"0,043986433674456614","3,887316150397622","97,06869741592787"
1129,"0,04391992571867253","3,868293524008295","97,08778655027298"
1130,"0,04385383827361412","3,8493624483158992","97,10678371341044"
1131,"0,04378816825238489","3,8305224979705357","97,12568933377703"
1132,"0,043722912594977154","3,8117732494444336","97,14450383796054"
1133,"0,04365806826799711","3,793114281025758","97,1632276507062"
1134,"0,043593632264393306","3,774545172812418","97,18186119492314"
1135,"0,04352960160318813","3,756065506705882","97,20040489169088"
1136,"0,04346597332921252","3,7376748664049932","97,21885916026575"
1137,"0,04340274451284367","3,719372837399785","97,23722441808732"
1138,"0,04333991224974583","3,701159006965309","97,2555010807849"
1139,"0,04327747366061411","3,68303296415546","97,27368956218388"
1140,"0,04321542589092122","3,6649942997968092","97,29179027431222"
1141,"0,04315376611066714","3,647042606482437","97,30980362740685"
1142,"0,04309249151413168","3,6291774785657753","97,32773002992005"
1143,"0,043031599319629917","3,6113985121544543","97,34556988852587"
1144,"0,0429710867692704","3,59370530510415","97,36332360812654"
1145,"0,04291095112871618","3,576097457012442","97,3809915918588"
1146,"0,04285118968694852","3,5585745692126767","97,39857424110033"
1147,"0,042791799756033366","3,5411362447678316","97,4160719554761"
1148,"0,04273277867089051","3,52378208846439","97,43348513286469"
1149,"0,042674123789065294","3,506511706806221","97,45081416940468"
1150,"0,042615832490503026","3,4893247080084655","97,46805945950099"
1151,"0,04255790217732591","3,4722207019914295","97,4852213958312"
1152,"0,04250033027361253","3,455199300374482","97,50230036935186"
1153,"0,04244311422517984","3,4382601164699644","97,5192967693048"
1154,"0,0423862514993676","3,421402765277102","97,53621098322348"
1155,"0,04232973958482536","3,4046268634759262","97,5530433969392"
1156,"0,042273575991301694","3,387932029421204","97,56979439458745"
1157,"0,042217758249435966","3,3713178831363737","97,58646435861414"
1158,"0,042162283910552364","3,3547840463074903","97,6030536697819"
1159,"0,04210715054645629","3,338330142277179","97,61956270717631"
1160,"0,04205235574923303","3,321955796038596","97,63599184821211"
1161,"0,04199789713104869","3,3056606342293966","97,65234146863949"
1162,"0,041943772323953396","3,2894442851257177","97,66861194255027"
1163,"0,041889978979686646","3,27330637863616","97,6848036423841"
1164,"0,041836514769484905","3,2572465462957885","97,70091693893467"
1165,"0,04178337738389132","3,241264421260136","97,71695220135591"
1166,"0,04173056453256755","3,225359638299217","97,73290979716815"
1167,"0,04167807394410775","3,209531833791555","97,74879009226427"
1168,"0,04162590336585457","3,1937806457182134","97,76459345091587"
1169,"0,04157405056371721","3,1781057136568402","97,78032023577939"
1170,"0,04152251332199157","3,162506678775722","97,79597080790222"
1171,"0,041471289443182284","3,1469831838278473","97,8115455267289"
1172,"0,041420376747826816","3,13153487314498","97,82704475010713"
1173,"0,04136977307432147","3,116161392631745","97,84246883429388"
1174,"0,04131947627874934","3,1008623897597203","97,85781813396147"
1175,"0,041269484234710115","3,085637513561545","97,87309300220369"
1176,"0,04121979483315185","3,070486414625034","97,88829379054175"
1177,"0,0411704059822045","3,055408745087305","97,90342084893042"
1178,"0,041121315607015325","3,040404158628917","97,918474525764"
1179,"0,041072521649586136","3,0254723104680186","97,93345516788233"
1180,"0,041024022068612255","3,010612857354508","97,94836312057681"
1181,"0,04097581483932331","2,995825457564206","97,9631987275964"
1182,"0,04092789795332572","2,9811097708930387","97,97796233115358"
1183,"0,04088026941844695","2,966465458651232","97,99265427193026"
1184,"0,04083292725858142","2,951892183657518","98,00727488908385"
1185,"0,04078586951353813","2,937389610233353","98,02182452025305"
1186,"0,04073909423888994","2,9229574041971476","98,0363035015639"
1187,"0,040692599505824455","2,9085952328585107","98,05071216763561"
1188,"0,04064638340099658","2,894302765012503","98,06505085158645"
1189,"0,04060044402638263","2,8800796709339","98,07931988503967"
1190,"0,04055477949913607","2,8659256223714773","98,09351959812933"
1191,"0,040509387951444764","2,8518402925422977","98,1076503195062"
1192,"0,0404642675303898","2,8378233561260164","98,12171237634354"
1193,"0,04041941639780582","2,8238744892591967","98,13570609434294"
1194,"0,04037483273014289","2,809993369529641","98,14963179774016"
1195,"0,040330514718329796","2,796179675970731","98,16348980931087"
1196,"0,04028646056763887","2,782433089055783","98,17728045037651"
1197,"0,04024266849755224","2,7687532906924166","98,19100404080997"
1198,"0,04019913674162951","2,7551399642169354","98,20466089904137"
1199,"0,04015586354737688","2,7415927943887204","98,21825134206384"
1200,"0,04011284717611763","2,7281114673846383","98,23177568543917"
1201,"0,04007008590286402","2,7146956707934615","98,2452342433036"
1202,"0,04002757801619054","2,701345093610301","98,25862732837344"
1203,"0,03998532181810854","2,688059426231057","98,27195525195076"
1204,"0,039943315623942134","2,674838360446877","98,2852183239291"
1205,"0,03990155776220547","2,6616815894386314","98,29841685279908"
1206,"0,03986004657448129","2,6485888077714","98,31155114565404"
1207,"0,039818780415300806","2,6355597113889777","98,32462150819563"
1208,"0,03977775765202477","2,622593997608386","98,3376282447395"
1209,"0,0397369766647259","2,609691365114406","98,35057165822079"
1210,"0,039696435846072464","2,5968515139541197","98,36345205019973"
1211,"0,03965613360121314","2,584074145531467","98,37626972086724"
1212,"0,03961606834766308","2,5713589626018205","98,38902496905044"
1213,"0,03957623851519117","2,558705669266567","98,40171809221816"
1214,"0,03953664254570845","2,5461139709677107","98,4143493864865"
1215,"0,039497278893157746","2,533583574482484","98,42691914662429"
1216,"0,039458146023404445","2,5211141879179775","98,43942766605855"
1217,"0,039419242414128385","2,5087055207057842","98,45187523688001"
1218,"0,039380566554716924","2,496357283596652","98,46426214984855"
1219,"0,039342116946159064","2,484069188655159","98,4765886943986"
1220,"0,03930389210094075","2,4718409492543976","98,48885515864458"
1221,"0,0392658905429412","2,459672280070674","98,5010618293863"
1222,"0,039228110807330324","2,4475628970782255","98,51320899211436"
1223,"0,03919055144046726","2,4355125175439465","98,5252969310155"
1224,"0,03915321099979987","2,4235208600221347","98,53732592897798"
1225,"0,03911608805376537","2,4115876443492503","98,5492962675969"
1226,"0,039079181181691916","2,399712591638687","98,56120822717953"
1227,"0,03904248897370127","2,387895424275564","98,57306208675065"
1228,"0,0390060100306124","2,3761358659115226","98,58485812405779"
1229,"0,038969742963846137","2,364433641459552","98,59659661557653"
1230,"0,03893368639533077","2,352788477088817","98,60827783651578"
1231,"0,03889783895740864","2,341200100219504","98,61990206082302"
1232,"0,038862199292743684","2,3296682395176878","98,6314695611895"
1233,"0,03882676605422989","2,3181926248902065","98,6429806090555"
1234,"0,03879153790490078","2,306772987479555","98,65443547461548"
1235,"0,03875651351783971","2,2954090596587906","98,66583442682331"
1236,"0,03872169157609116","2,2841005750264567","98,67717773339739"
1237,"0,03868707077257291","2,272847268401521","98,68846566082584"
1238,"0,0386526498099891","2,2616488758183264","98,69969847437162"
1239,"0,03861842740074417","2,2505051345215596","98,71087643807763"
1240,"0,038584402266857706","2,2394157829612333","98,72199981477185"
1241,"0,038550573139880126","2,228380560787685","98,73306886607237"
1242,"0,03851693876080921","2,2173992088465906","98,74408385239254"
1243,"0,038483497880007496","2,2064714691739895","98,75504503294594"
1244,"0,038450249257120525","2,1955970849913324","98,76595266575148"
1245,"0,038417191660995845","2,184775800700538","98,77680700763841"
1246,"0,03838432386960292","2,174007361879066","98,78760831425127"
1247,"0,03835164466995379","2,1632915152750076","98,79835684005498"
1248,"0,03831915285802452","2,1526280088021914","98,80905283833972"
1249,"0,03828684723867749","2,1420165915353007","98,81969656122597"
1250,"0,03825472662558442","2,131457013705009","98,83028825966935"
1251,"0,03822278984115018","2,1209490266931326","98,84082818346566"
1252,"0,038191035716437345","2,110492383027794","98,85131658125572"
1253,"0,03815946309109156","2,100086836378605","98,86175370053026"
1254,"0,03812807081326759","2,0897321415518606","98,87213978763482"
1255,"0,038096857739556116","2,0794280544857533","98,88247508777464"
1256,"0,038065822734911284","2,069174332245599","98,89275984501944"
1257,"0,03803496467257897","2,05897073301908","98,90299430230829"
1258,"0,03800428243402574","2,0488170161115025","98,91317870145441"
1259,"0,03797377490886852","2,03871294194107","98,92331328315001"
1260,"0,03794344099480497","2,0286582720341717","98,93339828697097"
1261,"0,03791327959754456","2,0186527690206875","98,94343395138172"
1262,"0,037883289630740266","2,008696196629307","98,9534205137399"
1263,"0,037853470015921035","1,998788319682863","98,96335821030117"
1264,"0,03782381968242484","1,9889289040936837","98,97324727622384"
1265,"0,03779433756733241","1,9791177168589564","98,98308794557366"
1266,"0,03776502261540163","1,9693545260561103","98,99288045132843"
1267,"0,037735873779002574","1,959639100838211","99,00262502538273"
1268,"0,037706890018053184","1,949971211429374","99,01232189855251"
1269,"0,03767807029995555","1,94035062912019","99,02197130057979"
1270,"0,03764941359953283","1,9307771262631686","99,03157346013724"
1271,"0,037620918898966835","1,9212504762681961","99,04112860483278"
1272,"0,037592585187736116","1,9117704535980082","99,0506369612142"
1273,"0,03756441146255476","1,902336833763679","99,0600987547737"
1274,"0,0375363967273117","1,8929493933201242","99,0695142099525"
1275,"0,03750853999301069","1,8836079098616212","99,0788835501453"
1276,"0,03748084027771079","1,8743121620173433","99,08820699770489"
1277,"0,03745329660646749","1,8650619294469093","99,09748477394656"
1278,"0,03742590801127435","1,8558569928359492","99,10671709915272"
1279,"0,03739867353100523","1,8466971338916853","99,11590419257725"
1280,"0,037371592211357114","1,8375821353385264","99,12504627245005"
1281,"0,037344663104793396","1,8285117809136806","99,13414355598145"
1282,"0,0373178852704878","1,8194858553627808","99,14319625936666"
1283,"0,0372912577742688","1,810504144435527","99,15220459779013"
1284,"0,037264779688564564","1,8015664348813423","99,16116878543002"
1285,"0,03723845009234845","1,7926725144450462","99,17008903546254"
1286,"0,037212268071085006","1,7838221718625409","99,1789655600663"
1287,"0,037186232716676516","1,7750151968565149","99,18779857042674"
1288,"0,03716034312741002","1,7662513801321602","99,19658827674036"
1289,"0,03713459840790484","1,7575305133729058","99,20533488821911"
1290,"0,037108997669060666","1,7488523892361652","99,2140386130947"
1291,"0,03708354002800604","1,7402168013491002","99,22269965862282"
1292,"0,037058224608047426","1,731623544304399","99,23131823108747"
1293,"0,037033050538618696","1,7230724136560704","99,23989453580523"
1294,"0,03700801695523112","1,7145632059152522","99,24842877712945"
1295,"0,03698312299942385","1,7060957185460337","99,25692115845447"
1296,"0,03695836781871481","1,6976697499612967","99,26537188221992"
1297,"0,036933750566552126","1,6892850995185675","99,27378114991481"
1298,"0,03690927040226598","1,6809415675158874","99,28214916208178"
1299,"0,03688492649102089","1,6726389551876946","99,29047611832122"
1300,"0,03686071800376849","1,6643770647007248","99,29876221729545"
1301,"0,03683664411720073","1,6561556991499244","99,30700765673282"
1302,"0,0368127040137035","1,647974662554379","99,31521263343187"
1303,"0,03678889688131071","1,6398337598532573","99,32337734326538"
1304,"0,036765221913658816","1,6317327969017699","99,33150198118452"
1305,"0,03674167830994171","1,6236715804671418","99,33958674122286"
1306,"0,036718265274866116","1,6156499182246025","99,34763181650048"
1307,"0,03669498201860732","1,607667618753387","99,35563739922796"
1308,"0,03667182775676538","1,5997244915327558","99,36360368071043"
1309,"0,036648801710321685","1,5918203469380257","99,3715308513516"
1310,"0,03662590310559598","1,5839549962366184","99,37941910065773"
1311,"0,03660313117420372","1,5761282515841228","99,38726861724162"
1312,"0,03658048515301389","1,5683399260203714","99,39507958882656"
1313,"0,03655796428410716","1,5605898334655317","99,4028522022503"
1314,"0,03653556781473445","1,552877788716213","99,41058664346899"
1315,"0,03651329499727589","1,5452036074415876","99,41828309756107"
1316,"0,03649114508920013","1,5375671061795249","99,4259417487312"
1317,"0,03646911735302404","1,5299681023327423","99,43356278031416"
1318,"0,0364472110562728","1,5224064141649702","99,44114637477868"
1319,"0,03642542547144031","1,5148818607971308","99,44869271373136"
1320,"0,03640375987595001","1,507394262203531","99,45620197792046"
