step,"Flow: (0.04) S -> E, 
inducing by: I, ","Flow: (0.01) E -> I, 
 not inducing","Flow: (0.005) I -> R, 
 not inducing"
0,"0,039603960396039604","0,0","0,005"
1,"0,03939033428095285","0,00039603960396039607","0,004975"
2,"0,03919361043522348","0,0007859825507303206","0,004952105198019802"
3,"0,03901343694777242","0,001170058829575252","0,004931274584783355"
4,"0,03884947358089185","0,001548492610757224","0,004912468506007315"
5,"0,038701391425487834","0,0019215024204585701","0,004895648626531064"
6,"0,03856887256767529","0,0022893013105088626","0,004880777895500701"
7,"0,03845160976630591","0,002652097023080527","0,0048678205125757415"
8,"0,03834930614102646","0,003010092150512781","0,004856741895128266"
9,"0,03826167487048201","0,0033634842904179175","0,004847508646405188"
10,"0,038188438900294094","0,003712466196218558","0,004840088524625251"
11,"0,038129330660458656","0,004057225923259313","0,0048344504129832185"
12,"0,03808409179182322","0,004397946970631307","0,004830564290534599"
13,"0,03805247288131609","0,004734808418843226","0,004828401203935082"
14,"0,038034233205613666","0,0050679850634679545","0,004827933240009623"
15,"0,03802914048294406","0,005397647544889412","0,0048291334991269145"
16,"0,03803697063273732","0,005723962474269958","0,004831976069355726"
17,"0,038057507542843635","0,006047092555854632","0,004836436001380297"
18,"0,03809054284405193","0,006367196705724522","0,0048424892841526694"
19,"0,03813587569165126","0,006684430167107795","0,0048501128212605285"
20,"0,03819331255378765","0,00699894462235323","0,004859284407989765"
21,"0,03826266700637802","0,007310888301667574","0,004869982709061582"
22,"0,03834375953435214","0,0076204060887146785","0,004882187237024612"
23,"0,03843641733900202","0,007927639623171053","0,004895878331283063"
24,"0,03854047415122635","0,008232727400329362","0,004911037137742503"
25,"0,03865577005046553","0,008535804867838333","0,004927645589055437"
26,"0,03878215128913028","0,008837004519664604","0,004945686385449351"
27,"0,038919470122334106","0,009136455987359262","0,004965142976120427"
28,"0,03906758464274664","0,00943428612870901","0,004985999541176622"
29,"0,03922635862039155","0,009730619113849386","0,005008240974114285"
30,"0,039395661347219155","0,01002557650891481","0,005031852864812959"
31,"0,03957536748628957","0,010319277357297851","0,005056821483033468"
32,"0,039765356925408446","0,01061183825858777","0,005083133762404789"
33,"0,03996551463506243","0,010903373445255975","0,005110777284885704"
34,"0,040175730530507194","0,01119399485715404","0,005139740265687555"
35,"0,04039589933786578","0,011483812213887572","0,005170011538644887"
36,"0,040625920464099956","0,011772933085127352","0,005201580542021101"
37,"0,04086569787072167","0,01206146295891708","0,0052344373047366315"
38,"0,0411151399511168","0,012349505308035125","0,0052685724330075335"
39,"0,041374159411357074","0,01263716165446594","0,005303977097382672"
40,"0,04164267315438034","0,012924531632034851","0,0053406430201680885"
41,"0,041920602167423764","0,013211713047258307","0,0053785624632274225"
42,"0,04220787141259753","0,013498801938459962","0,005417728216147576"
43,"0,04250440972049095","0,013785892633201338","0,005458133584759137"
44,"0,04281014968670614","0,014073077804074234","0,005499772380001348"
45,"0,04312502757121774","0,014360448522900554","0,005542638907121712"
46,"0,04344898320046037","0,014648094313383726","0,005586727955200606"
47,"0,04378195987204879","0,014936103202254492","0,005632034786991521"
48,"0,04412390426203861","0,015224561768952434","0,005678555129067836"
49,"0,0444747663346381","0,015513555193883298","0,005726285162267259"
50,"0,04483449925428472","0,015803167305290848","0,005775221512425338"
51,"0,04520305930000234","0,016093480624780786","0,0058253612413896655"
52,"0,04558040578195785","0,016384576411533","0,005876701838306621"
53,"0,04596650096013821","0,01667653470523725","0,005929241211172752"
54,"0,046361309965071484","0,01696943436778626","0,005982977678643075"
55,"0,0467648007205172","0,017263353123759113","0,006037909962088792"
56,"0,0471769438680544","0,017558367599726694","0,006094037177897142"
57,"0,0475977126934969","0,017854553362409972","0,006151358830006289"
58,"0,048027083055067976","0,018151984955720842","0,0062098748026683075"
59,"0,04846503331326822","0,018450735936714313","0,00626958535343357"
60,"0,04891154426237237","0,018750878910479853","0,006330491106349974"
61,"0,049366599063492805","0,01905248556399878","0,006392593045370622"
62,"0,04983018317914877","0,019355626698993718","0,006455892507963764"
63,"0,05030228430928231","0,01966037226379527","0,006520391178918914"
64,"0,050782892328663676","0,019966791384250136","0,006586091084343297"
65,"0,05127199922562995","0,02027495239369427","0,00665299458584283"
66,"0,05176959904210273","0,02058492286201363","0,006721104374882087"
67,"0,0522756878148317","0,020896769623814523","0,006790423467317745"
68,"0,05279026351781252","0,021210558805724693","0,006860955198100228"
69,"0,05331332600582888","0,02152635585284557","0,00693270321613835"
70,"0,05384487695906935","0,0218442255543754","0,007005671479321887"
71,"0,054384919828771645","0,02216423206842234","0,007079864249697154"
72,"0,05493345978384757","0,02248643894602583","0,00715528608879078"
73,"0,05549050365844299","0,022810909154404046","0,007231941853076955"
74,"0,05605605990038888","0,02313770509944444","0,007309836689583591"
75,"0,056630138520499945","0,023466888647453887","0,0073889760316328944"
76,"0,05721275104267868","0,02379852114618435","0,007469365594712"
77,"0,05780391045478356","0,02413266344514929","0,007551011372469362"
78,"0,058403631160221244","0,024469375915245634","0,007633919632832762"
79,"0,059011928930223355","0,02480871846769539","0,007718096914244826"
80,"0,059628820856769446","0,02515075057232067","0,00780355002201208"
81,"0,06025432530611851","0,025495531275165156","0,007890286024763623"
82,"0,060888461872912664","0,02584311921547469","0,007978312251015631"
83,"0,06153125133481649","0,02619357264204907","0,008067636285837928"
84,"0,06218271560765762","0,026546949428976743","0,008158265967618983"
85,"0,06284287770103371","0,02690330709076355","0,008250209384925771"
86,"0,06351176167435245","0,027262702796866253","0,008343474873454961"
87,"0,0641893925932718","0,027625193385641116","0,008438071013072018"
88,"0,064875796486508","0,027990835377717422","0,008534006624934863"
89,"0,06557100030298003","0,02835968498880533","0,008631290768698775"
90,"0,0662750318692599","0,028731798141947075","0,008729932739799308"
91,"0,06698791984729803","0,029107230479220203","0,008829942066810046"
92,"0,06770969369239477","0,029486037372900977","0,008931328508872096"
93,"0,06844038361138863","0,029868273936095917","0,009034102053192241"
94,"0,06918002052103313","0,030253995032848844","0,009138272912606757"
95,"0,06992863600653433","0,030643255287730688","0,009243851523207967"
96,"0,07068626228022191","0,03103610909491873","0,00935084854203058"
97,"0,07145293214032726","0,03143261062677176","0,009459274844795022"
98,"0,07222867892984203","0,031832813841907316","0,009569141523704906"
99,"0,07301353649543212","0,03223677249278666","0,009680459885295917"
100,"0,07380753914638176","0,032644540132813114","0,00979324144833337"
101,"0,07461072161354299","0,0330561701229488","0,009907497941755768"
102,"0,07542311900826679","0,03347171563785474","0,010023241302661731"
103,"0,07624476678129234","0,03389122967155886","0,010140483674337697"
104,"0,07707570068157091","0,034314765042656195","0,010259237404323803"
105,"0,0779159567150025","0,034742374399045345","0,010379515042515464"
106,"0,07876557110306251","0,035174110222204916","0,01050132933929811"
107,"0,0796245802412975","0,03561002483101349","0,010624693243712645"
108,"0,08049302065766822","0,036050170385116334","0,010749619901649148"
109,"0,08137092897071983","0,03649459888784185","0,010876122654066482"
110,"0,08225834184755881","0,03694336218867063","0,01100421503523536"
111,"0,08315529596161722","0,03739651198525951","0,011133910771002535"
112,"0,08406182795018452","0,03785409982502309","0,011265223777073822"
113,"0,08497797437168879","0,0383161771062747","0,011398168157313569"
114,"0,08590377166270877","0,038782795078928844","0,011532758202058372"
115,"0,08683925609469871","0,03925400484476665","0,011669008386442725"
116,"0,08778446373040939","0,03972985735726597","0,011806933368734345"
117,"0,0887394303799875","0,04021040342099741","0,011946547988677003"
118,"0,08970419155673788","0,04069569369058731","0,012087867265838605"
119,"0,09067878243253238","0,041185778669248815","0,012230906397962349"
120,"0,0916632377928498","0,041680708706881654","0,012375680759318781"
121,"0,09265759199143236","0,04218053399774133","0,012522205899056596"
122,"0,09366187890454426","0,042685304577678246","0,012670497539550019"
123,"0,09467613188481824","0,04319507032094691","0,01282057157474066"
124,"0,09570038371467715","0,04370988093658562","0,012972444068471692"
125,"0,09673466655931769","0,04422978596436654","0,013126131252812262"
126,"0,0977790119192436","0,04475483477031605","0,013281649526370032"
127,"0,09883345058233758","0,04528507654180532","0,013439015452589763"
128,"0,0998980125754597","0,04582056028221065","0,013598245758035839"
129,"0,1009727271155628","0,04636133480514313","0,013759357330656714"
130,"0,10205762256031393","0,04690744872824733","0,013922367218029147"
131,"0,10315272635821346","0,04745895046656799","0,014087292625580236"
132,"0,10425806499820234","0,04801588822548444","0,014254150914785175"
133,"0,10537366395874981","0,04857830999321162","0,014422959601338672"
134,"0,10649954765641426","0,049146263532866996","0,014593736353298038"
135,"0,10763573939386968","0,04971979637410247","0,014766498989195883"
136,"0,10878226130739287","0,05029895580430014","0,014941265476120414"
137,"0,1099391343138045","0,05088378885933107","0,015118053927761313"
138,"0,11110637805686079","0,0514743423138758","0,015296882602419163"
139,"0,11228401085309044","0,052070662671305654","0,015477769900976443"
140,"0,11347204963707483","0,0526727961531235","0,015660734364828087"
141,"0,11467050990616828","0,053280788687963015","0,015845794673769568"
142,"0,11587940566465683","0,05389468590014507","0,016032969643840534"
143,"0,11709874936735494","0,05451453309779018","0,01622227822512206"
144,"0,11832855186263991","0,05514037526048583","0,016413739499485398"
145,"0,11956882233492477","0,05577225702650738","0,0166073726782904"
146,"0,12081956824657153","0,05641022267959155","0,016803197100031485"
147,"0,12208079527924745","0,05705431613526135","0,017001232227929288"
148,"0,12335250727472748","0,057704580926701214","0,01720149764746595"
149,"0,12463470617514773","0,058361060190181474","0,017404013063862127"
150,"0,12592739196271527","0,059023796650031136","0,017608798299493723"
151,"0,1272305625988806","0,05969283260315798","0,01781587329124641"
152,"0,12854421396298035","0,06036820990311521","0,018025258087805966"
153,"0,1298683397903587","0,06104996994371386","0,018236972846882513"
154,"0,1312029316099769","0,06173815364218031","0,018451037832366672"
155,"0,13254797868152157","0,06243280142185828","0,01866747341141574"
156,"0,13390346793202387","0,06313395319445492","0,018886300051467953"
157,"0,13526938389200205","0,0638416483418306","0,019107538317182888"
158,"0,13664570863114128","0,06455592569733232","0,01933120886730613"
159,"0,13803242169352667","0,0652768235266704","0,019557332451456258"
160,"0,13942950003244556","0,06600437950833896","0,01978592990683233"
161,"0,1408369179447764","0,06673863071358002","0,020017022154839862"
162,"0,14225464700498433","0,06747961358589198","0,02025063019763356"
163,"0,14368265599874236","0,06822736392008291","0,020486775114574855"
164,"0,14512091085620105","0,0689819168408695","0,020725478058602392"
165,"0,14656937458492894","0,0697433067810228","0,02096676025251373"
166,"0,14802800720254788","0,07051156745906187","0,021210642985156274"
167,"0,14949676566909012","0,07128673185649674","0,0214571476075258"
168,"0,1509756038191031","0,07206883219462266","0,021706295528770653"
169,"0,15246447229353108","0,07285789991086747","0,021958108212099915"
170,"0,15396331847140401","0,0736539656346941","0,02221260717059375"
171,"0,15547208640136492","0,07445705916306121","0,022469813962914253"
172,"0,15699071673306894","0,07526720943544424","0,022729750188914988"
173,"0,15851914664848896","0,07608444450842049","0,02299243748514764"
174,"0,1600573097931638","0,07690879152982118","0,023257897520263998"
175,"0,1616051362074273","0,0777402767124546","0,02352615199031178"
176,"0,16316255225765697","0,07857892530740433","0,023797222613922493"
177,"0,16472948056758413","0,07942476157690687","0,0240711311273899"
178,"0,16630583994970816","0,08027780876681362","0,024347899279637486"
179,"0,16789154533685857","0,08113808907864256","0,024627548827073364"
180,"0,16948650771395188","0,08200562364122473","0,02491010152833121"
181,"0,17109063404999084","0,082880432481952","0,02519557913889568"
182,"0,17270382723035524","0,08376253449763238","0,02548400340561096"
183,"0,1743259859894359","0,08465194742495961","0,025775396061071067"
184,"0,17595700484366472","0,08554868781060439","0,026069778817890507"
185,"0,17759677402499516","0,086452770980935","0,026367173362854074"
186,"0,1792451794148909","0,08736421101137559","0,026667601350944477"
187,"0,180902102478879","0,08828302069541075","0,02697108439924663"
188,"0,18256742020172895","0,08920921151324543","0,02727764408072745"
189,"0,1842410050233195","0,09014279360013026","0,027587301917890043"
190,"0,1859227247752555","0,09108377571436214","0,027900079376301245"
191,"0,18761244261830154","0,0920321652049711","0,028215997857991552"
192,"0,1893100169806986","0,0929879679791044","0,028535078694726452"
193,"0,19101530149743223","0,09395118846912034","0,028857343141148344"
194,"0,192728144950524","0,09492182959940346","0,0291828123677882"
195,"0,19444839121041724","0,09589989275291466","0,029511507453946276"
196,"0,19617587917853135","0,09688537773748968","0,029843449380441114"
197,"0,1979104427310609","0,0978782827519001","0,03017865902222636"
198,"0,199651910664096","0,0988786043516917","0,030517157140874725"
199,"0,20140010664014352","0,09988633741481576","0,030858964376928807"
200,"0,20315484913612938","0,10090147510706902","0,03120410124211824"
201,"0,2049159513929639","0,10192400884735964","0,03155258811144299"
202,"0,2066832213667547","0,10295392827281567","0,031904445215122576"
203,"0,2084564616817508","0,10399122120375505","0,03225969263041104"
204,"0,21023546958510636","0,10503587360853502","0,032618350273277766"
205,"0,21202003690355078","0,10608786956830071","0,03298043788995405"
206,"0,21380995000205488","0,10714719124165323","0,033345975048345786"
207,"0,21560498974458425","0,10821381882925725","0,033714981129312316"
208,"0,2174049314570315","0,10928773053841051","0,03408747531781204"
209,"0,21920954489242","0,11036890254759671","0,03446347659391503"
210,"0,2210185941984743","0,11145730897104494","0,03484300372368344"
211,"0,22283183788765215","0,11255292182331923","0,03522607524992025"
212,"0,2246490288097337","0,11365571098396256","0,03561270948278725"
213,"0,2264699141270663","0,11476564416222028","0,036002924490293124"
214,"0,22829423529256146","0,11588268686186874","0,03639673808865276"
215,"0,2301217280305442","0,11700680234617568","0,036794167832518834"
216,"0,2319521223205516","0,11813795160301938","0,03719523100508712"
217,"0,23378514238418366","0,1192760933101947","0,03759994460807679"
218,"0,23562050667510323","0,1204211838009346","0,03800832535158737"
219,"0,23745792787228806","0,12157317702967628","0,03842038964383412"
220,"0,2392971128766335","0,1227320245381024","0,038836153580763325"
221,"0,24113776281100865","0,12389767542148772","0,03925563293555002"
222,"0,24297957302386466","0,12507007629538294","0,03967884314797971"
223,"0,2448222330964966","0,12624917126266774","0,040105799313716724"
224,"0,24666542685405918","0,12743490188100604","0,04053651617346148"
225,"0,24850883238043459","0,12862720713073655","0,04097100810199921"
226,"0,2503521220370528","0,12982602338323354","0,04140928909714289"
227,"0,2521949624857625","0,13103128436977174","0,04185137276857335"
228,"0,2540370147158483","0,13224292115093167","0,042297272326579344"
229,"0,2558779340752922","0,13346086208658084","0,042747000570701105"
230,"0,25771737030637343","0,13468503280646793","0,043200569878280505"
231,"0,25955496758569996","0,135915356181467","0,04365799219292144"
232,"0,26139036456876386","0,13715175229550933","0,04411927901286417"
233,"0,26322319443911063","0,13839413841824186","0,0445844413792774"
234,"0,2650530849622103","0,13964242897845056","0,045053489864472225"
235,"0,2668796585441166","0,14089653553828813","0,04552643456004212"
236,"0,26870253229499746","0,1421563667683464","0,046003285064933355"
237,"0,2705213180976183","0,1434218284236129","0,046484050473450424"
238,"0,2723356226808567","0,14469282332035296","0,04696873936320123"
239,"0,2741450476983228","0,145969251313958","0,047457359782986985"
240,"0,2759491898121585","0,14725100927780163","0,04794991924064184"
241,"0,27774764078208486","0,1485379910831452","0,04844642469082764"
242,"0,27953998755976184","0,14983008758013458","0,048946882522789226"
243,"0,2813258123885226","0,15112718657993085","0,04945129854807595"
244,"0,2831046929085408","0,15242917283801677","0,049959677988235224"
245,"0,28487620226748217","0,15373592803872202","0,05047202546248413"
246,"0,28663990923669214","0,1550473307810096","0,05098834497536532"
247,"0,28839537833296086","0,15636325656556643","0,05150863990439354"
248,"0,2901421699459086","0,15768357778324038","0,05203291298769941"
249,"0,291879840471022","0,15900816370486706","0,05256116631167711"
250,"0,29360794244837435","0,1603368804725286","0,05309340129864306"
251,"0,29532602470704983","0,16166959109228707","0,053629618694512486"
252,"0,29703363251529347","0,16300615542843466","0,05416981855650135"
253,"0,298730307736395","0,16434643019930328","0,054714000240861024"
254,"0,30041558899031584","0,1656902689746742","0,055262162390653236"
255,"0,3020890118210564","0,16703752217483062","0,05581430292357335"
256,"0,30375010886975806","0,16838803707129288","0,05637041901982963"
257,"0,3053984100535258","0,16974165778927752","0,056930507110086945"
258,"0,30703344274995054","0,17109822531192","0,057494562863482895"
259,"0,3086547319873031","0,17245757748630033","0,05806258117572509"
260,"0,3102618006403661","0,17381954903131036","0,05863455615727796"
261,"0,3118541696318597","0,1751839715474009","0,059210481121648124"
262,"0,31343135813941114","0,1765506735282455","0,059790348573776894"
263,"0,3149928838080112","0,17791948037435712","0,060374150198549234"
264,"0,3165382629678901","0,17929021440869367","0,06096187684942827"
265,"0,3180670108577392","0,1806626948942856","0,06155351853722459"
266,"0,31957864185319607","0,18203673805392015","0,06214906441900991"
267,"0,32107266970050297","0,1834121570919129","0,06274850278718445"
268,"0,3225486077552377","0,1847887622179988","0,0633518210587081"
269,"0,3240059692260095","0,1861663606733712","0,06395900576450454"
270,"0,32544426742300553","0,1875447567588976","0,06457004253904888"
271,"0,3268630160112583","0,18892375186553867","0,06518491611014812"
272,"0,32826172926850417","0,1903031445069959","0,06580361028892508"
273,"0,3296399223474865","0,19168273035461098","0,06642610796001544"
274,"0,3309971115425539","0,19306230227453974","0,0670523910719884"
275,"0,33233281456039016","0,1944416503672199","0,06768244062800116"
276,"0,3336465507947079","0,19582056200915157","0,06831623667669726"
277,"0,33493784160472645","0,19719882189700713","0,06895375830335952"
278,"0,3362062105972447","0,19857621209408433","0,06959498362132777"
279,"0,3374511839121149","0,1999525120791159","0,07023988976369154"
280,"0,3386722905109088","0,2013274987974459","0,07088845287526867"
281,"0,33986906246856385","0,20270094671458055","0,07154064810487956"
282,"0,3410410352677867","0,2040726278721204","0,07219644959792806"
283,"0,3421877480959798","0,2054423119460771","0,07285583048929903"
284,"0,34330874414445484","0,20680976630757614","0,07351876289658292"
285,"0,34440357090968216","0,20817475608594493","0,07418521791363789"
286,"0,3454717804963207","0,20953704423418232","0,07485516560449942"
287,"0,34651292992176524","0,2108963915968037","0,07552857499764783"
288,"0,3475265814219369","0,2122525569800533","0,0762054140806436"
289,"0,3485123027580406","0,21360529722447216","0,07688564979514065"
290,"0,3494696675240007","0,21495436727980785","0,0775692480322873"
291,"0,3503982554542819","0,21629952028224977","0,07825617362852491"
292,"0,3512976527317971","0,21764050763397008","0,07894639036179353"
293,"0,3521674522955939","0,21897707908494837","0,07963986094815444"
294,"0,35300725414800765","0,22030898281705483","0,08033654703883839"
295,"0,35381666566096664","0,22163596553036435","0,08103640921772946"
296,"0,35459530188112","0,2229577725316704","0,08173940699929264"
297,"0,3553427858334674","0,22427414782516486","0,08244549882695452"
298,"0,35605874882315275","0,22558483420524789","0,08315464207194558"
299,"0,3567428307350894","0,22688957335142693","0,08386679303261207"
300,"0,3573946803310743","0,22818810592526353","0,08458190693420616"
301,"0,3580139555440496","0,22948017166932164","0,08529993792916143"
302,"0,3586003237691665","0,2307655095080689","0,08602083909786223"
303,"0,35915346215130234","0,2320438576506799","0,08674456244991326"
304,"0,359673057868683","0,2333149536956861","0,0874710589259171"
305,"0,3601588084122595","0,23457853473741608","0,08820027839976595"
306,"0,3606104218604895","0,2358343374741645","0,0889321696814542"
307,"0,3610276171491706","0,23708209831802776","0,08966668052041776"
308,"0,361410124335978","0,23832155350633918","0,0904037576094058"
309,"0,36175768485935617","0,2395524392146356","0,09114334658889048"
310,"0,3620700517914179","0,2407744916710828","0,0918853920520192"
311,"0,36234699008450594","0,24198744727228616","0,09262983755011452"
312,"0,3625882768110762","0,24319104270040837","0,09337662559872538"
313,"0,3627937013965631","0,24438501504151502","0,0941256976842338"
314,"0,3629630658448953","0,2455691019050655","0,09487699427102021"
315,"0,36309618495633145","0,2467430415444638","0,09563045480919044"
316,"0,3631928865372923","0,24790657297858246","0,09638601774286681"
317,"0,3632530116018733","0,24905943611416956","0,09714362051904539"
318,"0,3632764145647252","0,2502013718690466","0,09790319959702101"
319,"0,36326296342500114","0,2513321222960034","0,09866469045838114"
320,"0,36321253994107366","0,25245143070729337","0,09942802761756925"
321,"0,3631250397957348","0,2535590417996312","0,10019314463301786"
322,"0,3630003727516028","0,2546547017795922","0,10095997411885092"
323,"0,36283846279646703","0,2557381584893123","0,10172844775715463"
324,"0,36263924827831207","0,25680916153238387","0,10249849631081542"
325,"0,3624026820297773","0,2578674623998432","0,10327004963692327"
326,"0,36212873148181507","0,2589128145961425","0,10404303670073788"
327,"0,36181737876632414","0,2599449737649992","0,1048173855902149"
328,"0,36146862080754866","0,2609636978150125","0,10559302353108882"
329,"0,3610824694020457","0,2619687470449379","0,10636987690250843"
330,"0,36065895128703573","0,2629598842685089","0,10714787125322058"
331,"0,36019810819696796","0,2639368749386942","0,107926931318297"
332,"0,359699996908144","0,264899487271277","0,10870698103639899"
333,"0,35916468927125983","0,26584749236764565","0,10948794356757338"
334,"0,3585922722317412","0,26678066433668185","0,11026974131157374"
335,"0,35798284783776163","0,26769878041563244","0,1110522959266993"
336,"0,3573365332358511","0,2686016210898537","0,11183552834914394"
337,"0,35665346065401743","0,2694889702113137","0,1126193588128475"
338,"0,3559337773723192","0,2703606151157407","0,11340370686983983"
339,"0,35517764568084786","0,27121634673830647","0,11418849141106935"
340,"0,3543852428250908","0,2720559597277319","0,11497363068770552"
341,"0,35355676093866756","0,2728792525587055","0,11575904233290567"
342,"0,35269240696344584","0,2736860276425051","0,11654464338403468"
343,"0,35179240255706345","0,2744760914357145","0,11733035030532703"
344,"0,35085698398790094","0,27524925454692795","0,11811607901097898"
345,"0,34988640201756155","0,2760053318413377","0,11890174488865872"
346,"0,3488809217709428","0,2767441425430999","0,11968726282342211"
347,"0,34784082259399124","0,2774655103353783","0,1204725472220205"
348,"0,34676639789925623","0,27816926345796444","0,12125751203758729"
349,"0,345657954999375","0,27885523480237734","0,12204207079468918"
350,"0,3445158149286352","0,2795232620043473","0,12282613661472763"
351,"0,3433403122527829","0,28017318753359016","0,12360962224167572"
352,"0,3421317948672588","0,2808048587807821","0,1243924400681353"
353,"0,3408906237840612","0,28141812814164685","0,12517450216169854"
354,"0,3396171729074528","0,282012853098071","0,12595572029159827"
355,"0,3383118287987431","0,28258889629616485","0,12673600595563062"
356,"0,33697499043039536","0,2831461256211906","0,1275152704073333"
357,"0,3356070689297197","0,2836844142692827","0,12829342468340257"
358,"0,33420848731243286","0,28420364081588706","0,12907037963133197"
359,"0,33277968020637644","0,28470368928085255","0,12984604593725474"
360,"0,3313210935657009","0,28518444919010777","0,13062033415397273"
361,"0,3298331843758354","0,2856458156338637","0,1313931547291534"
362,"0,3283164203495782","0,2860876893212834","0,13216441803367693"
363,"0,3267712796146513","0,28650997663156635","0,13293403439011497"
364,"0,32519825039308087","0,28691258966139715","0,13370191410132223"
365,"0,3235978306727674","0,287295446268714","0,13446796747912262"
366,"0,3219705278716294","0,2876584701127545","0,13523210487307058"
367,"0,3203168584947078","0,28800159069034326","0,135994236699269"
368,"0,31863734778462993","0,2883247433683869","0,13675427346922436"
369,"0,31693252936584","0,2886278694125493","0,1375121258187202"
370,"0,3152029448830114","0,2889109160120822","0,13826770453668932"
371,"0,31344914363406184","0,2891738363007915","0,13902092059406632"
372,"0,3116716821981997","0,28941658937412423","0,1397716851725999"
373,"0,309871124059435","0,289639140302365","0,14051990969360753"
374,"0,3080480392259934","0,28984146013993567","0,14126550584665132"
375,"0,3062030038460744","0,2900235259307963","0,14200838561811777"
376,"0,30433659982040084","0,29018532070994907","0,14274846131968114"
377,"0,30244941441200557","0,2903268335010536","0,14348564561663246"
378,"0,3005420398537054","0,2904480593101631","0,1442198515560546"
379,"0,29861507295371215","0,29054899911559856","0,1449509925948251"
380,"0,2966691146998306","0,29062965985397965","0,14567898262742898"
381,"0,2947047698626928","0,29069005440243817","0,14640373601356174"
382,"0,29272264659847635","0,2907302015570407","0,14712516760550615"
383,"0,2907233560515517","0,2907501260074551","0,1478431927752638"
384,"0,2887075119575008","0,29074985830789607","0,1485577274414248"
385,"0,2866757302469449","0,29072943484439207","0,14926868809575713"
386,"0,28462862865061733","0,2906888977984176","0,1499759918295003"
387,"0,2825668263061061","0,2906282951069396","0,1506795563593449"
388,"0,28049094336669295","0,29054768041893125","0,15137930005308287"
389,"0,2784016006127012","0,29044711304840887","0,15207514195491212"
390,"0,27629941906576355","0,2903266579240518","0,15276700181037958"
391,"0,2741850196064084","0,29018638553546894","0,15345480009094795"
392,"0,27205902259535797","0,29002637187617836","0,15413845801817055"
393,"0,26992204749892046","0,2898466983833701","0,1548178975874606"
394,"0,2677747125188495","0,2896474518745256","0,15549304159144015"
395,"0,2656176342270334","0,28942872448096885","0,15616381364285556"
396,"0,26345142720536696","0,2891906135784295","0,15683013819704614"
397,"0,26127670369114536","0,2889332217146989","0,15749194057395305"
398,"0,25909407322831085","0,2886566565344633","0,1581491469796568"
399,"0,2569041423248668","0,2883610307014018","0,15880168452743085"
400,"0,2547075141167668","0,28804646181763643","0,15944948125830066"
401,"0,25250478803856646","0,28771307234062776","0,16009246616109735"
402,"0,2502965595011194","0,2873609894976072","0,16073056919199502"
403,"0,24808341957658037","0,28699034519764227","0,16136372129352305"
404,"0,245865954690967","0,2866012759414317","0,16199185441304365"
405,"0,2436447463245172","0,286193922728927","0,16261490152068558"
406,"0,2414203707200649","0,2857684309648829","0,1632327966267268"
407,"0,23919339859964275","0,28532495036243477","0,16384547479841757"
408,"0,236964394889505","0,28486363484480687","0,1644528721762377"
409,"0,2347339184537507","0,2843846424452538","0,16505492598958055"
410,"0,23250252183671127","0,2838881352053388","0,16565157457185892"
411,"0,23027075101425226","0,2833742790716525","0,16624275737502628"
412,"0,22803914515412532","0,28284324379107856","0,16682841498350942"
413,"0,22580823638548936","0,282295202804709","0,1674084891275473"
414,"0,22357854957770795","0,2817303331405168","0,16798292269593312"
415,"0,22135060212851387","0,2811488153048888","0,16855165974815603"
416,"0,2191249037616178","0,280550833173125","0,1691146455259397"
417,"0,2169019563338226","0,27993657387900994","0,16967182646417564"
418,"0,214682253651693","0,27930622770355806","0,1702231502012498"
419,"0,2124662812978142","0,2786599879630394","0,17076856558876136"
420,"0,21025451646665994","0,2779980508963872","0,17130802270063275"
421,"0,20804742781007765","0,2773206155520899","0,1718414728416115"
422,"0,20584547529238403","0,2766278836746698","0,1723688685551639"
423,"0,20364911005505248","0,2759200595908469","0,17289016363076143"
424,"0,20145877429095965","0,275197350095489","0,17340531311056187"
425,"0,19927490112814839","0,2744599643374437","0,17391427329548648"
426,"0,19709791452304967","0,27370811370535075","0,17441700175069627"
427,"0,19492822916309643","0,2729420117135278","0,17491345731046956"
428,"0,1927662503786498","0,27216187388802343","0,17540360008248485"
429,"0,19061237406414827","0,2713679176529297","0,17588739145151255"
430,"0,18846698660837838","0,2705603622170419","0,17636479408251965"
431,"0,18633046483375787","0,2697394284609552","0,17683577192319228"
432,"0,18420317594450927","0,26890533882468326","0,1773002902058811"
433,"0,18208547748359563","0,2680583171958815","0,1777583154489751"
434,"0,17997771729827944","0,2671985887987587","0,1782098154577096"
435,"0,17788023351415852","0,26632638008375387","0,17865475932441485"
436,"0,1757933545175237","0,26544191861805794","0,17909311742821152"
437,"0,17371739894587637","0,2645454329770526","0,17952486143416077"
438,"0,17165267568643677","0,2636371526367408","0,17994996429187524"
439,"0,16959948388246748","0,2627173078672378","0,18036840023359957"
440,"0,1675581129472296","0,2617861296273901","0,18078014477176776"
441,"0,16552884258538478","0,26084384946058853","0,18118517469604586"
442,"0,16351194282165019","0,25989069939183645","0,1815834680698686"
443,"0,16150767403650831","0,25892691182613464","0,18197500422647847"
444,"0,15951628700877102","0,25795271944823833","0,18235976376447674"
445,"0,15753802296479058","0,2569683551238437","0,18273772854289558"
446,"0,15557311363411008","0,2559740518022532","0,18310888167580033"
447,"0,15362178131134008","0,25497004242057175","0,1834732075264326"
448,"0,1516842389240469","0,25395655980947945","0,1838306917009033"
449,"0,14976069010643656","0,25293383660062513","0,1841813210414462"
450,"0,14785132927861416","0,25190210513568323","0,1845250836192421"
451,"0,14595634173120034","0,2508615973771125","0,1848619687268243"
452,"0,14407590371508278","0,24981254482065335","0,18519196687007575"
453,"0,1422101825360816","0,24875517840959765","0,18551506975982865"
454,"0,14035933665430692","0,2476897284508625","0,18583127030307747"
455,"0,1385235157879867","0,24661642453289695","0,18614056259381642"
456,"0,13670286102154444","0,24553549544544787","0,18644294190351182"
457,"0,13489750491770486","0,2444471691012088","0,1867384046712215"
458,"0,13310757163341067","0,24335167245937378","0,1870269484933714"
459,"0,13133317703933023","0,24224923145111416","0,18730857211320143"
460,"0,1295744288427419","0,2411400709069963","0,18758327540989098"
461,"0,12783142671358055","0,24002441448635373","0,18785105938737648"
462,"0,126104262413434","0,238902484608626","0,18811192616287137"
463,"0,124393019927281","0,2377745023866741","0,18836587895510015"
464,"0,12269777559776396","0,23664068756208018","0,188612922072258"
465,"0,12101859826179351","0,23550125844243702","0,18885306089970708"
466,"0,11935554938928405","0,2343564318406306","0,18908630188742073"
467,"0,11770868322382447","0,23320642301611713","0,1893126525371868"
468,"0,11607804692509031","0,2320514456181942","0,1895321213895814"
469,"0,11446368071280867","0,23089171163126318","0,18974471801072448"
470,"0,1128656180120901","0,22972743132207865","0,18995045297882718"
471,"0,11128388559994648","0,22855881318897875","0,19014933787054344"
472,"0,10971850375281825","0,22738606391308844","0,1903413852471356"
473,"0,10816948639493773","0,22620938831148574","0,19052660864046533"
474,"0,10663684124736113","0,2250289892923203","0,19070502253882043"
475,"0,10512056997750538","0,22384506781187072","0,19087664237258792"
476,"0,10362066834903079","0,22265782283352703","0,19104148449978436"
477,"0,10213712637191583","0,2214674512886821","0,19119956619145306"
478,"0,1006699284525744","0,22027414803951442","0,1913509056169392"
479,"0,09921905354387102","0,219078105843645","0,1914955218290521"
480,"0,09778447529489494","0,21787951532064725","0,19163343474912506"
481,"0,09636616220035762","0,21667856492038973","0,19176466515198268"
482,"0,09496407774948462","0,2154754408931894","0,19188923465082472"
483,"0,0935781805742771","0,21427032726175235","0,19200716568203655"
484,"0,09220842459702246","0,2130634057948776","0,1921184814899351"
485,"0,09085475917694014","0,21185485598289905","0,19222320611145982"
486,"0,0895171292558523","0,21064485501483943","0,19232136436081704"
487,"0,08819547550277426","0,20943357775724958","0,19241298181408717"
488,"0,08688973445732483","0,20822119673470485","0,19249808479380298"
489,"0,0855998386718616","0,20700788211193108","0,1925767003535075"
490,"0,08432571685224978","0,20579380167753036","0,19264885626229963"
491,"0,08306729399718028","0,20457912082927757","0,19271458098937577"
492,"0,08182449153595472","0,20336400256095663","0,19277390368857528"
493,"0,08059722746466205","0,2021486074507066","0,1928268541829372"
494,"0,07938541648067438","0,20093309365084616","0,19287346294927607"
495,"0,07818897011539498","0,19971761687914444","0,19291376110278388"
496,"0,07700779686519574","0,19850233041150694","0,19294778038166566"
497,"0,07584180232048505","0,19728738507604385","0,1929755531318149"
498,"0,07469088929285235","0,19607292924848824","0,19299711229153602"
499,"0,0735549579402388","0,1948591088489319","0,19301249137632076"
500,"0,07243390589008838","0,193646067339845","0,19302172446368382"
501,"0,07132762836043695","0,19243394572534742","0,1930248461780646"
502,"0,07023601827890123","0,19122288255169828","0,19302189167580103"
503,"0,06915896639953317","0,1900130139089703","0,19301289663018054"
504,"0,0680963614175089","0,18880447343387594","0,19299789721657448"
505,"0,06704809008162513","0,18759739231371228","0,192976930097661"
506,"0,06601403730457894","0,18639189929139138","0,19295003240874123"
507,"0,06499408627101093","0,1851881206715233","0,19291724174315453"
508,"0,06398811854329392","0,18398618032751818","0,19287859613779637"
509,"0,06299601416505383","0,1827861997096759","0,19283413405874497"
510,"0,062017651762411315","0,1815882978542297","0,19278389438699964"
511,"0,06105290864293572","0,1803925913933115","0,1927279164043358"
512,"0,060101660892306875","0,17919919456580777","0,19266623977928066"
513,"0,05916378346868123","0,17800821922907276","0,19259890455321332"
514,"0,05823915029476272","0,1768197748714688","0,19252595112659263"
515,"0,05732763434758093","0,17563396862570177","0,192447420245317"
516,"0,05642910774598093","0,17445090528292057","0,19236335298721893"
517,"0,05554344183583222","0,17327068730755116","0,1922737907486974"
518,"0,05467050727296611","0,172093414852834","0,19217877523149166"
519,"0,053810174103852325","0,17091918577703533","0,19207834842959837"
520,"0,05296231184402881","0,1697480956603035","0,19197255261633558"
521,"0,05212678955429932","0,16858023782214077","0,19186143033155542"
522,"0,051303475914716005","0,16741570333946235","0,19174502436900834"
523,"0,05049223929636542","0,1662545810652149","0,19162337776386065"
524,"0,049692947830978065","0,16509695764752638","0,19149653378036743"
525,"0,04890546947838332","0,16394291754936088","0,19136453589970323"
526,"0,04812967209183233","0,16279254306865112","0,19122742780795154"
527,"0,04736542348121355","0,16164591435888295","0,19108525338425505"
528,"0,04661259147418629","0,16050310945010626","0,19093805668912822"
529,"0,04587104397525883","0,15936420427034706","0,1907858819529331"
530,"0,045140649022838916","0,1582292726673962","0,19062877356452018"
531,"0,044421274844285125","0,15709838643095062","0,19046677606003456"
532,"0,04371278990898883","0,15597161531508397","0,19029993411188917"
533,"0,04301506297951683","0,15484902706102302","0,1901282925179051"
534,"0,04232796316084597","0,15373068742020798","0,18995189619062072"
535,"0,041651359947721386","0,15261666017761435","0,18977079014676865"
536,"0,04098512327017059","0,15150700717531543","0,18958501949692289"
537,"0,04032912353720652","0,15040178833626397","0,18939462943531485"
538,"0,03968323167875263","0,1493010616882734","0,1891996652298196"
539,"0,03904731918582395","0,1482048833881782","0,18900017221211182"
540,"0,03842125814899806","0,14711330774615466","0,18879619576799214"
541,"0,03780492129521045","0,1460263872501831","0,18858778132788295"
542,"0,037198182022908866","0,14494417259063336","0,18837497435749445"
543,"0,036600914435601324","0,14386671268495613","0,18815782034866016"
544,"0,03601299337383292","0,14279405470246256","0,18793636481034162"
545,"0,03543429444562626","0,14172624408917625","0,18771065325980224"
546,"0,034864694055420656","0,14066332459274075","0,18748073121394915"
547,"0,03430406943154509","0,13960533828736757","0,1872466441808431"
548,"0,03375229865226005","0,13855232559880934","0,1870084376513757"
549,"0,033209260670403015","0,13750432532934384","0,18676615709111286"
550,"0,03267483533667241","0,13646137468275446","0,186519847932304"
551,"0,03214890342158485","0,13542350928929364","0,18626955556605626"
552,"0,03163134663613982","0,13439076323061655","0,18601532533467247"
553,"0,031122047651226305","0,13336316906467177","0,1857572025241522"
554,"0,03062089011580512","0,1323407578505373","0,1854952323568548"
555,"0,03012775867390086","0,13132355917319","0,1852294599843232"
556,"0,029642538980436586","0,13031160116819712","0,18495993048026754"
557,"0,029165117715944537","0,1293049105463195","0,18468668883370717"
558,"0,028695382600185542","0,12830351261801576","0,18440977994227023"
559,"0,028233222404709327","0,12730743131783745","0,18412924860564897"
560,"0,027778526964387793","0,12631668922870617","0,18384513951920992"
561,"0,027331187187952778","0,125331307606063","0,1835574972677574"
562,"0,026891095067569357","0,12435130640188191","0,18326636631944893"
563,"0,02645814368747538","0,12337670428853878","0,1829717910198611"
564,"0,026032227231717418","0,12240751868252815","0,1826738155862045"
565,"0,0256132409910129","0,12144376576802003","0,1823724841016861"
566,"0,025201081368767645","0,12048546052024996","0,1820678405100178"
567,"0,024795645886277588","0,11953261672873514","0,18175992861006898"
568,"0,024396833187142922","0,11858524702031055","0,18144879205066228"
569,"0,02400454304092249","0,11764336288197887","0,18113447432551055"
570,"0,023618676346055533","0,11670697468356829","0,1808170187682929"
571,"0,023239135132077673","0,11577609170019316","0,18049646854786924"
572,"0,022865822561157215","0,11485072213451203","0,18017286666363083"
573,"0,022498642928977516","0,11393087313877846","0,17984625594098524"
574,"0,022137501664990424","0,11301655083668045","0,17951667902697419"
575,"0,02178230533206557","0,11210776034496356","0,17918417838602274"
576,"0,02143296162555946","0,11120450579483457","0,17884879629581743"
577,"0,021089379371827914","0,11030679035314181","0,17851057484331254"
578,"0,02075146852620487","0,10941461624332867","0,17816955592086167"
579,"0,02041914017047002","0,10852798476615742","0,177825781222474"
580,"0,02009230650982717","0,10764689632020055","0,1774792922401924"
581,"0,01977088086941477","0,10677135042209682","0,17713013026059243"
582,"0,019454777690369376","0,10590134572656998","0,17677833636139995"
583,"0,019143912525462582","0,10503688004620797","0,17642395140822578"
584,"0,018838202034331016","0,10417795037100051","0,1760670160514157"
585,"0,018537563978318846","0,10332455288763383","0,17570757072301366"
586,"0,018241917214951536","0,10247668299854068","0,17534565563383678"
587,"0,01795118169205914","0,10163433534070478","0,17498131077066031"
588,"0,017665278441566894","0,10079750380421831","0,17461457589351054"
589,"0,017384129572970437","0,09996618155059181","0,17424549053306407"
590,"0,017107658266512324","0,09914036103081561","0,1738740939881517"
591,"0,016835788766076304","0,09832003400317257","0,173500425323365"
592,"0,01656844637181503","0,09750519155080162","0,173124523366764"
593,"0,016305557432526662","0,09669582409901174","0,1727464267076842"
594,"0,01604704933779515","0,09589192143234689","0,17236617369464086"
595,"0,01579285050990872","0,09509347271140137","0,1719838024333294"
596,"0,01554289039557047","0,09430046648938645","0,17159935078471975"
597,"0,015297099457414644","0,09351289072844829","0,1712128563632431"
598,"0,015055409165341661","0,09273073281573796","0,17082435653506914"
599,"0,014817751987684575","0,091953979579234","0,17043388841647247"
600,"0,014584061382219236","0,0911826173033185","0,1700414888722863"
601,"0,014354271787029967","0,09041663174410752","0,16964719451444144"
602,"0,01412831861124219","0,08965600814453675","0,16925104170058977"
603,"0,013906138225633071","0,0889007312492038","0,1688530665328095"
604,"0,013687667953130795","0,08815078531896807","0,16845330485639146"
605,"0,013472846059212796","0,0874061541453097","0,16805179225870434"
606,"0,013261611742212779","0,08666682106444873","0,16764856406813738"
607,"0,013053905123546133","0,08593276897122636","0,16724365535311894"
608,"0,012849667237862898","0,08520398033274956","0,16683710092120949"
609,"0,012648840023137112","0,08448043720180069","0,1664289353182672"
610,"0,012451366310701057","0,08376212123001406","0,16601919282768485"
611,"0,012257189815232572","0,08304901368082092","0,16560790746969653"
612,"0,012066255124703263","0,08234109544216503","0,16519511300075213"
613,"0,0118785076902952","0,08163834703899041","0,16478084291295922"
614,"0,011693893816293223","0,08094074864550344","0,16436513043358936"
615,"0,01151236064995993","0,08024828009721134","0,16394800852464894"
616,"0,011333856171399854","0,07956092090273882","0,16352950988251175"
617,"0,011158329183419287","0,07887865025542543","0,16310966693761286"
618,"0,010985729301387755","0,07820144704470537","0,16268851185420194"
619,"0,010816006943107033","0,0775292898672722","0,16226607653015446"
620,"0,010649113318693186","0,07686215703803054","0,16184239259684005"
621,"0,010485000420477005","0,07620002660083716","0,16141749141904602"
622,"0,010323621012927843","0,07554287633903356","0,16099140409495497"
623,"0,010164928622605682","0,0748906837857725","0,16056416145617536"
624,"0,010008877528146077","0,07424342623414083","0,16013579406782338"
625,"0,009855422750282217","0,0736010807470809","0,15970633222865496"
626,"0,009704520041908414","0,0729636241671129","0,15927580597124708"
627,"0,009556125878188786","0,07233103312586085","0,1588442450622264"
628,"0,009410197446715016","0,07170328405338414","0,15841167900254458"
629,"0,009266692637716607","0,07108035318731744","0,15797813702779878"
630,"0,00912557003432705","0,07046221658182143","0,15754364810859636"
631,"0,008986788902909028","0,06984885011634648","0,15710824095096249"
632,"0,008850309183441643","0,06924022950421212","0,1566719439967894"
633,"0,008716091479972468","0,06863633030100441","0,15623478542432653"
634,"0,008584097051137074","0,0680371279127941","0,15579679314870992"
635,"0,00845428780074849","0,06744259760417752","0,15535799482253035"
636,"0,008326626268458936","0,06685271450614322","0,1549184178364386"
637,"0,008201075620495985","0,06626745362376638","0,15447808931978713"
638,"0,008077599640475178","0,06568678984373368","0,154037036141307"
639,"0,007956162720290993","0,06511069794170109","0,15359528490981914"
640,"0,007836729851087887","0,06453915258948699","0,15315286197497854"
641,"0,007719266614313071","0,063972128362103","0,1527097934280511"
642,"0,007603739172852459","0,06340959974462511","0,15226610510272134"
643,"0,007490114262251224","0,06285154113890738","0,15182182257593085"
644,"0,007378359182020173","0,06229792687014082","0,15137697116874577"
645,"0,0072684417870290865","0,06174873119325962","0,15093157594725273"
646,"0,007160330478988103","0,06120392829919731","0,15048566172348277"
647,"0,007053994198018037","0,060663492320995216","0,15003925305636132"
648,"0,006949402414310485","0,060127397339765444","0,14959237425268448"
649,"0,006846525119878471","0,0595956173905109","0,1491450493681199"
650,"0,006745332820398256","0,05906812646780457","0,14869730220823185"
651,"0,0066457965271429055","0,05854489853133051","0,1482491563295297"
652,"0,006547887749008059","0,05802590751128864","0,14780063504053872"
653,"0,006451578484630346","0,057511127313665825","0,14735176140289247"
654,"0,006356841214598709","0,05700053182537546","0,14690255823244633"
655,"0,006263648893758953","0,0564940949192677","0,146453048100411"
656,"0,006171974943611642","0,05599179045901261","0,14600325333450526"
657,"0,006081793244803503","0,0554935923038586","0,1455531960201278"
658,"0,005993078129712324","0,05499947431326804","0,14510289800154647"
659,"0,005905804375125421","0,05450941035143249","0,14465238088310506"
660,"0,00581994719501151","0,05402337429166942","0,14420166603044668"
661,"0,005735482233385938","0,05354134002070283","0,1437507745717528"
662,"0,0056523855572690376","0,05306328144282966","0,14329972739899755"
663,"0,005570633649737414","0,05258917248397405","0,14284854516921672"
664,"0,005490203403067874","0,05211898709563169","0,1423972483057905"
665,"0,00541107211197367","0,051652699258706046","0,14194585699973972"
666,"0,005333217466932719","0,051190282987238725","0,14149439121103455"
667,"0,00525661754760737","0,05073171233203566","0,14104287066991558"
668,"0,005181250816355294","0,050276961384191375","0,14059131487822615"
669,"0,005107096111831007","0,04982600427851302","0,140139743110756"
670,"0,005034132642677532","0,0493788151968462","0,13968817441659476"
671,"0,004962339981307632","0,048935368371304515","0,13923662762049602"
672,"0,004891698057774066","0,04849563808740455","0,13878512132425008"
673,"0,00482218715372825","0,04805959868710825","0,13833367390806584"
674,"0,004753787896466699","0,04762722457177444","0,13788230353196107"
675,"0,004686481253064596","0,047198490205021364","0,13743102813716013"
676,"0,004620248524595818","0,04677337011550179","0,13697986544749943"
677,"0,0045550713404387015","0,04635183889959273","0,13652883297083945"
678,"0,004490931652666854","0,04593387122400119","0,1360779480004832"
679,"0,004427811730524265","0,04551944182828784","0,13562722761660082"
680,"0,0043656941549839404","0,0451085255273102","0,13517668868765922"
681,"0,004304561813389343","0,044701097213586935","0,1347263478718575"
682,"0,004244397894177774","0,044297131859584955","0,13427622161856614"
683,"0,004185185881684986","0,04389660451993088","0,13382632616977122"
684,"0,00412690955103015","0,04349949033354842","0,13337667756152202"
685,"0,004069552963080378","0,04310576452572324","0,13292729162538217"
686,"0,004013100459493977","0,0427154024100968","0,13247818398988387"
687,"0,003957536657841575","0,042328379390590774","0,13202937008198493"
688,"0,0039028464468042934","0,041944670963263285","0,13158086512852793"
689,"0,0038490149814480773","0,041564252718098695","0,13113268415770163"
690,"0,0037960276785733507","0,04118710034073218","0,13068484200050362"
691,"0,003743870212139116","0,040813189614110595","0,13023735329220476"
692,"0,0036925285087606274","0,04044249642009089","0,12979023247381427"
693,"0,0036419887432797564","0,04007499674097758","0,12934349379354565"
694,"0,0035922373344071845","0,03971066666100061","0,1288971513082828"
695,"0,003543260940435524","0,039349482367734674","0,1284512188850464"
696,"0,0034950464550225057","0,03899142015346168","0,12800571020245982"
697,"0,003447581003043332","0,03863645641647729","0,12756063875221485"
698,"0,0034008519365113137","0,03828456766234295","0,12711601784053614"
699,"0,003354846830565928","0,037935730505084635","0,1266718605896452"
700,"0,003309553479527382","0,03758992166833945","0,1262281799392224"
701,"0,0032649598930168363","0,03724711798645133","0,12578498864786797"
702,"0,003221054292141377","0,03690729640551698","0,12534229929456087"
703,"0,0031778251057428936","0,03657043398438323","0,12490012428011564"
704,"0,0031352609667099542","0,03623650789559682","0,12445847582863698"
705,"0,0030933507083518393","0,03590549542630795","0,12401736598897178"
706,"0,003052083360833849","0,03557737397912839","0,12357680663615847"
707,"0,0030114481476730343","0,035252121072945446","0,12313680947287331"
708,"0,0029714344822934784","0,03492971434369273","0,12269738603087368"
709,"0,002932031964640294","0,034610131545078734","0,12225854767243778"
710,"0,002893230377851484","0,03429335054927435","0,12182030559180099"
711,"0,002855019684986812","0,03397934934756012","0,12138267081658835"
712,"0,002817390025812864","0,033668106050934385","0,12094565420924322"
713,"0,002780331713643457","0,03335959889068317","0,12050926646845168"
714,"0,002743835232234588","0,033053806218912775","0,12007351813056284"
715,"0,002707891232733081","0,03275070650904599","0,11963841957100459"
716,"0,002672490530678152","0,03245027835628286","0,11920398100569479"
717,"0,00263762410305506","0,03215250047802681","0,11877021249244774"
718,"0,002603283085400066","0,031857351714277095","0,11833712393237564"
719,"0,002569458768955909","0,031564811027988325","0,11790472507128515"
720,"0,002536142597877012","0,031274857505398004","0,11747302550106867"
721,"0,002503326166483639","0,030987470356322794","0,11704203466109031"
722,"0,0024710012165642574","0,0307026289144244","0,11661176183956647"
723,"0,002439159634725322","0,0304203126374458","0,11618221617494076"
724,"0,0024077934497877492","0,030140501107418595","0,11575340665725328"
725,"0,002376894830229329","0,02986317403084229","0,11532534212950411"
726,"0,0023464560816723436","0,02958831123883616","0,1148980312890108"
727,"0,00231646964441567","0,02931589268726452","0,11447148268875992"
728,"0,0022869280910106362","0,02904589845683603","0,11404570473875245"
729,"0,002257824123879939","0,028778308753177776","0,11362070570734285"
730,"0,0022291505729789118","0,0285131039068848","0,11319649372257203"
731,"0,002200900393498446","0,028250264373545744","0,11277307677349359"
732,"0,002173066663608894","0,027989770733745273","0,11235046271149386"
733,"0,002145642582244269","0,02773160369304391","0,11192865925160513"
734,"0,0021186214669260714","0,027475744081935916","0,11150767397381232"
735,"0,002091996751626097","0,02722217285578582","0,11108751432435295"
736,"0,0020657619846675608","0,026970871094744223","0,11066818761701011"
737,"0,0020399108266639025","0,026721820003643454","0,1102497010343988"
738,"0,00201443704849464","0,02647500091187366","0,10983206162924501"
739,"0,0019893345293176485","0,026230395273239865","0,10941527632565816"
740,"0,0019645972546172385","0,025987984665800642","0,10899935192039605"
741,"0,001940219314287438","0,02574775079168881","0,10858429508412307"
742,"0,00191619490074987","0,0255096754769148","0,10817011236266089"
743,"0,0018925183071056401","0,025273740671153146","0,10775681017823216"
744,"0,0018691839253206428","0,02503992844751267","0,10734439483069677"
745,"0,001846186244443725","0,024808221002290746","0,10693287249878085"
746,"0,0018235198488571309","0,024578600654712277","0,1065222492412984"
747,"0,0018011794165586664","0,02435104984665373","0,10611253099836548"
748,"0,00177915971747505","0,02412555114235278","0,10570372359260692"
749,"0,0017574556118058887","0,023902087228104003","0,10529583273035563"
750,"0,0017360620483977593","0,023680640911941025","0,10488886400284438"
751,"0,0017149740631478608","0,023461195123305592","0,10448282288738986"
752,"0,001694186777436726","0,023243732912704013","0,10407771474856943"
753,"0,0016736953965894796","0,023028237451351338","0,1036735448393901"
754,"0,0016534952083651392","0,022814692030803715","0,10327031830244993"
755,"0,0016335815814734673","0,02260308006257933","0,10286804017109169"
756,"0,00161394996411889","0,022393385077768273","0,10246671537054913"
757,"0,001594595882570993","0,022185590726631777","0,10206634871908524"
758,"0,0015755149397611386","0,02197968077819117","0,10166694492912298"
759,"0,0015567028139047245","0,02177563911980687","0,10126850860836832"
760,"0,0015381552571486373","0,021573449756747846","0,10087104426092552"
761,"0,0015198680942434492","0,021373096811751854","0,10047455628840463"
762,"0,0015018372212399125","0,02117456452457677","0,10007904899102135"
763,"0,0014840586042093194","0,020977837251543403","0,09968452656868915"
764,"0,001466528277987298","0,020782899465070063","0,0992909931221034"
765,"0,0014492423449406276","0,020589735753199237","0,09889845265381825"
766,"0,001432196973756648","0,02039833081911665","0,09850690906931515"
767,"0,0014153883982548688","0,02020866948066305","0,09811636617806416"
768,"0,0013988129162203706","0,02002073666983897","0,09772682769457715"
769,"0,0013824668882586031","0,019834517432302783","0,09733829723945346"
770,"0,0013663467366711968","0,01964999692686234","0,09695077834041772"
771,"0,0013504489443524035","0,01946716042496043","0,09656427443334994"
772,"0,001334770053705796","0,019285993310154348","0,09617878886330798"
773,"0,0013193066655808534","0,019106481077589863","0,09579432488554222"
774,"0,0013040554382290693","0,01892860933346977","0,09541088566650245"
775,"0,0012890130862792373","0,018752363794517366","0,0950284742848373"
776,"0,0012741763797315493","0,018577730287434986","0,0946470937323857"
777,"0,0012595421429701724","0,01840469474835795","0,09426674691516095"
778,"0,0012451072537939657","0,01823324322230407","0,09388743665432694"
779,"0,001230868642465003","0,018063361862618973","0,09350916568716683"
780,"0,0012168232907745708","0,017895036930417434","0,09313193666804409"
781,"0,001202968231126332","0,017728254794021004","0,09275575216935597"
782,"0,001189300545636329","0,017563001928392056","0,0923806146824793"
783,"0,0011758173652495225","0,017399264914564498","0,09200652661870885"
784,"0,001162515868872561","0,01723703043907135","0,09163349031018815"
785,"0,0011493932825224792","0,017076285293369364","0,09126150801083256"
786,"0,0011364468784910383","0,01691701637326089","0,09089058189724526"
787,"0,0011236739745244095","0,016759210678313194","0,09052071406962534"
788,"0,0011110719330179291","0,016602855311275307","0,09015190655266876"
789,"0,0010986381602256378","0,016447937477492732","0,0897841612964618"
790,"0,0010863701054843328","0,01629444448432006","0,08941748017736696"
791,"0,0010742652604518695","0,016142363740531705","0,08905186499890172"
792,"0,0010623211583594416","0,015991682755730905","0,08868731749260989"
793,"0,0010505353732775855","0,01584238913975719","0,0883238393189255"
794,"0,001038905519395651","0,015694470602092392","0,08796143206802964"
795,"0,0010274292503144949","0,015547914951265424","0,08760009726069995"
796,"0,0010161042583521432","0,015402710094255914","0,08723983634915278"
797,"0,0010049282738621873","0,015258844035896875","0,0868806507178783"
798,"0,0009938990645646782","0,015116304878276528","0,08652254168446842"
799,"0,0009830144348892795","0,014975080820139408","0,08616551050043744"
800,"0,0009722722253304632","0,014835160156286907","0,08580955835203596"
801,"0,0009616703118145079","0,014696531276977343","0,08545468636105723"
802,"0,0009512066050780973","0,014559182667325714","0,08510089558563683"
803,"0,0009408790500582898","0,014423102906703239","0,08474818702104528"
804,"0,0009306856252936531","0,014288280668136788","0,08439656160047358"
805,"0,0009206243423363565","0,014154704717708357","0,0840460201958119"
806,"0,0009106932451750134","0,014022363913954637","0,08369656361842137"
807,"0,0009008904096680757","0,01389124720726684","0,08334819261989905"
808,"0,0008912139429875827","0,013761343639290853","0,08300090789283589"
809,"0,000881661983073074","0,01363264234232782","0,08265471007156817"
810,"0,0008722326980954688","0,013505132538735271","0,08230959973292196"
811,"0,0008629242859307388","0,013378803540328874","0,08196557739695103"
812,"0,0008537349736431763","0,013253644747784895","0,08162264352766792"
813,"0,0008446630169780924","0,013129645650043478","0,0812807985337685"
814,"0,0008357066998637598","0,013006795823712825","0,08094004276934987"
815,"0,0008268643339224323","0,012885084932474334","0,0806003765346217"
816,"0,0008181342579902694","0,012764502726488814","0,08026180007661095"
817,"0,0008095148376460008","0,012645039041803828","0,07992431358986035"
818,"0,0008010044647481665","0,012526683799762248","0,07958791721712007"
819,"0,0007926015569807732","0,012409427006412108","0,07925261105003328"
820,"0,0007843045574072101","0,012293258751917795","0,07891839512981517"
821,"0,0007761119340322676","0,01217816920997269","0,07858526944792568"
822,"0,0007680221793721099","0,012064148637213286","0,07825323394673592"
823,"0,0007600338100320522","0,011951187372634875","0,0779222885201883"
824,"0,0007521453662919958","0,011839275837008847","0,07759243301445054"
825,"0,0007443554116993799","0,011728404532301678","0,07726366722856333"
826,"0,0007366625326695061","0,011618564041095656","0,07693599091508203"
827,"0,000729065338093103","0,011509745026011393","0,0766094037807121"
828,"0,0007215624589509914","0,011401938229132212","0,07628390548693859"
829,"0,0007141525479357193","0,0112951344714304","0,07595949565064956"
830,"0,0007068342790800352","0,011189324652195451","0,07563617384475346"
831,"0,0006996063473920754","0,011084499748464299","0,07531393959879067"
832,"0,0006924674684971352","0,010980650814453577","0,07499279239953903"
833,"0,0006854163782859043","0,010877768980994011","0,0746727316916136"
834,"0,0006784518325690451","0,01077584545496693","0,0743537568780605"
835,"0,0006715726067379953","0,010674871518742952","0,07403586732094503"
836,"0,0006647774954318773","0,0105748385296229","0,07371906234193402"
837,"0,0006580653122104046","0,01047573791928099","0,07340334122287247"
838,"0,0006514348892326676","0,010377561193210283","0,07308870320635451"
839,"0,0006448850769416947","0,010280299930170506","0,07277514749628879"
840,"0,0006384147437546757","0,010183945781638217","0,0724626732584582"
841,"0,0006320227757587482","0,010088490471259383","0,0721512796210741"
842,"0,0006257080764122368","0,009993925794304376","0,07184096567532502"
843,"0,0006194695662512481","0,009900243617125454","0,07153173047591993"
844,"0,0006133061826015206","0,009807435876616711","0,07122357304162595"
845,"0,0006072168792954307","0,00971549457967656","0,0709164923558009"
846,"0,000601200626394059","0,009624411802672747","0,07061048736692029"
847,"0,0005952564099142253","0,009534179690909961","0,07030555698909904"
848,"0,0005893832315603953","0,009444790458100004","0,07000170010260809"
849,"0,0005835801084613727","0,009356236385834608","0,06969891555438555"
850,"0,0005778460729116858","0,009268509823060876","0,0693972021585428"
851,"0,000572180172117581","0,009181603185559384","0,06909655869686537"
852,"0,0005665814679475391","0,009095508955424965","0,06879698391930886"
853,"0,0005610490366872287","0,00901021968055019","0,06849847654448944"
854,"0,0005555819687988165","0,008925727974111562","0,06820103526016974"
855,"0,0005501793686845511","0,008842026514058434","0,06790465872373945"
856,"0,0005448403544545436","0,008759108042604696","0,06760934556269105"
857,"0,0005395640576986653","0,008676965365723195","0,06731509437509062"
858,"0,000534349623262487","0,00859559135264295","0,06702190373004378"
859,"0,0005291962090271862","0,008514978935349143","0,06672977216815677"
860,"0,0005241029856933454","0,008435121108085924","0,06643869820199273"
861,"0,0005190691365685745","0,008356010926861997","0,0661486803165232"
862,"0,0005140938573588811","0,008277641508959065","0,0658597169695749"
863,"0,0005091763559637242","0,008200006032443063","0,06557180659227183"
864,"0,0005043158522746796","0,00812309773567827","0,06528494758947267"
865,"0,0004995115779776542","0,008046909916844232","0,06499913834020371"
866,"0,0004947627763585785","0,007971435933455567","0,06471437719808691"
867,"0,000490068702112518","0,007896669201884598","0,06443066249176375"
868,"0,00048542862115613894","0,007822603196886877","0,06414799252531435"
869,"0,0004808418104434642","0,00774923145112957","0,06386636557867222"
870,"0,00047630755778486287","0,007676547554722709","0,0635857799080345"
871,"0,0004718251616692104","0,007604545154753331","0,06330623374626795"
872,"0,00046739393108916375","0,00753321795482249","0,06302772530331038"
873,"0,00046301318536949186","0,007462559714585156","0,06275025276656794"
874,"0,0004586822539984073","0,007392564249292999","0,06247381430130802"
875,"0,0004544004764618423","0,007323225429340052","0,06219840805104795"
876,"0,0004501672020806175","0,00725453717981127","0,061924032137939414"
877,"0,0004459817898504472","0,0071864934800339635","0,061650684663148776"
878,"0,0004418436082847314","0,007119088363132128","0,0613783637072332"
879,"0,0004377520352600838","0,007052315915583654","0,061107067330512695"
880,"0,00043370645786454387","0,006986170276780418","0,06083679357343805"
881,"0,0004297062722484245","0,006920645638591259","0,060567540456954755"
882,"0,0004257508834777489","0,006855736244927832","0,060299305982862934"
883,"0,00042183970539022683","0,00679143639131333","0,06003208813417327"
884,"0,00041797216045372476","0,0067277404244541","0,05976588487545897"
885,"0,00041414767962718614","0,0066646427418140955","0,05950069415320394"
886,"0,0004103657022239529","0,006602137791192226","0,059236513896146994"
887,"0,00040662567577745036","0,0065402200703025435","0,05897334201562222"
888,"0,00040292705590918654","0,0064788841263572925","0,05871117640589562"
889,"0,0003992693061990281","0,006418124555652811","0,05845001494449793"
890,"0,0003956518980577088","0,006357936003158274","0,058189855492553705"
891,"0,000392074310601532","0,0062983131621072675","0,057930695895106736"
892,"0,00038853603052922583","0,00623925077359221","0,05767253398144173"
893,"0,00038503655200091254","0,00618074362616158","0,057415367565402484"
894,"0,00038157537651915325","0,006122786555419974","0,05715919444570628"
895,"0,00037815201281203185","0,006065374443630965","0,056904012406254846"
896,"0,0003747659767182394","0,006008502219322776","0,05664981921644173"
897,"0,0003714167910741236","0,00595216485689673","0,05639661263145613"
898,"0,0003681039856026685","0,0058963573762385035","0,056144390392583336"
899,"0,00036482709680436793","0,005841074842332146","0,05589315022750161"
900,"0,0003615856678499602","0,005786312364876869","0,055642889850575764"
901,"0,0003583792484749893","0,005732065097906599","0,05539360696314727"
902,"0,00035520739487615984","0,005678328239412284","0,05514529925382106"
903,"0,00035206966960945485","0,0056250970309669225","0,05489796439874902"
904,"0,0003489656414899814","0,005572366757353348","0,054651600061910104"
905,"0,00034589488549351794","0,005520132746194713","0,05440620389538733"
906,"0,0003428569826597269","0,0054683903675877025","0,05416177353964136"
907,"0,00033985151999700803","0,005417135033738422","0,053918306623781095"
908,"0,00033687809038895927","0,005366362198601008","0,05367580076583088"
909,"0,000333936292502419","0,005316067357518888","0,05343425357299473"
910,"0,0003310257306970587","0,005266246046868724","0,05319366264191735"
911,"0,00032814601493650074","0,005216893843707006","0,05295402555894211"
912,"0,00032529676070093246","0,005168006365419301","0,05271533990036594"
913,"0,00032247758890119045","0,0051195792693721175","0,052477603232691204"
914,"0,0003196881257942888","0,005071608252567408","0,05224081311287461"
915,"0,00031692800290036475","0,005024089051299677","0,05200496708857307"
916,"0,0003141968569210182","0,0049770174408156845","0,05177006269838671"
917,"0,00031149432965901774","0,004930389234976738","0,051536097472098856"
918,"0,0003088200679393522","0,00488420028592356","0,05130306893091324"
919,"0,00030617372353159935","0,004838446483743718","0,0510709745876883"
920,"0,0003035549530735938","0,004793123756141597","0,05083981194716858"
921,"0,00030096341799636594","0,004748228068110917","0,050609578506213435"
922,"0,0002983987844503326","0,004703755421609771","0,050380271754022925"
923,"0,000295860723232716","0,004659701855238177","0,05015188917236085"
924,"0,00029334890971616955","0,004616063443918122","0,04992442823577525"
925,"0,00029086302377858884","0,0045728362985761025","0,049697886411815974"
926,"0,00028840274973408763","0,004530016565828127","0,04947226116124978"
927,"0,0002859677762651172","0,004487600427667187","0,04924754993827267"
928,"0,0002835577963557101","0,004445584101153166","0,049023750190719646"
929,"0,00028117250722582693","0,0044039638381051915","0,048800859360271814"
930,"0,00027881161026678834","0,004362735924796398","0,04857887488266098"
931,"0,00027647481097777237","0,004321896681651101","0,04835779418787166"
932,"0,00027416181890335824","0,004281442462944368","0,04813761470034055"
933,"0,00027187234757209853","0,004241369656503958","0,04791833383915357"
934,"0,00026960611443610163","0,004201674683414639","0,04769994901824032"
935,"0,0002673628408116068","0,004162353997724854","0,047482457646566195"
936,"0,00026514225182053416","0,004123404086155721","0,047265857128321986"
937,"0,00026294407633299324","0,004084821467812369","0,04705014486311116"
938,"0,0002607680469107323","0,0040466026938975755","0,04683531824613467"
939,"0,00025861389975151297","0,004008744347427707","0,04662137466837348"
940,"0,00025648137463439363","0,003971243042950945","0,046408311516768753"
941,"0,0002543702148659053","0,00393409542626778","0,04619612617439966"
942,"0,0002522801672271055","0,0038972981741537613","0,045984816020659"
943,"0,0002502109819214937","0,003860847994084495","0,04577437843142647"
944,"0,00024816241252377427","0,0038247416239628653","0,04556481077923977"
945,"0,00024613421592945114","0,0037889758318484746","0,045356110433463374"
946,"0,0002441261523052418","0,0037535474156892845","0,045148274760455305"
947,"0,00024213798504029314","0,003718453203055444","0,04494130112373147"
948,"0,0002401694806981889","0,0036836900508752926","0,044735186884128086"
949,"0,00023822040896973224","0,003649254845173522","0,04452992939996182"
950,"0,00023629054262649135","0,003615144500811484","0,04432552602718788"
951,"0,0002343796574750949","0,003581355961229634","0,04412197411955599"
952,"0,00023248753231226377","0,0035478861981920883","0,04391927102876436"
953,"0,00023061394888056669","0,0035147322115332905","0,043717414104611496"
954,"0,0002287586918248883","0,003481891028906763","0,04351640069514611"
955,"0,00022692154864959455","0,003449359705535944","0,043316228146814906"
956,"0,00022510230967638764","0,0034171353239670806","0,043116893804608515"
957,"0,00022330076800283446","0,0033852149938241732","0,04291839501220531"
958,"0,00022151671946155993","0,0033535958515659597","0,04272072911211341"
959,"0,00021974996258009271","0,003322275060244916","0,042523893445810666"
960,"0,0002180002985413517","0,003291249809268268","0,04232788535388284"
961,"0,00021626753114476326","0,003260517314160999","0,04213270217615977"
962,"0,00021455146676799809","0,003230074816330837","0,04193834125184977"
963,"0,0002128519143293166","0,0031999195828352083","0,04174479991967218"
964,"0,0002111686852505133","0,0031700489061501492","0,041552075517987994"
965,"0,00020950159342044973","0,003140460103941153","0,04136016538492881"
966,"0,00020785045515916482","0,0031111505188359456","0,041169066858523874"
967,"0,00020621508918255537","0,0030821175181991777","0,04097877727682543"
968,"0,00020459531656761385","0,0030533584939090113","0,0407892939780323"
969,"0,0002029909607182165","0,0030248708621355975","0,04060061430061169"
970,"0,00020140184733145127","0,0029966520631214237","0,04041273558341931"
971,"0,00019982780436447685","0,0029686995609635243","0,040225655165817824"
972,"0,00019826866200190347","0,0029410108433975336","0,040039370387793545"
973,"0,000196724252623687","0,002913583421583577","0,03985387859007156"
974,"0,00019519441077352749","0,002886414829893978","0,03966917711422912"
975,"0,00019367897312776354","0,0028595026257027733","0,039485263302807445"
976,"0,00019217777846475444","0,0028328443891770232","0,03930213449942193"
977,"0,00019069066763474185","0,0028064377230699006","0,0391197880488707"
978,"0,0001892174835301826","0,0027802802525155493","0,0389382212972417"
979,"0,00018775807105654487","0,0027543696248256955","0,03875743159201807"
980,"0,0001863122771035603","0,002728703509288004","0,0385774162821821"
981,"0,00018487995051692398","0,00270327959696616","0,038398172718317636"
982,"0,00018346094207043488","0,0026780956005016676","0,038219698252710876"
983,"0,00018205510443856953","0,002653149253917355","0,03804199023944983"
984,"0,00018066229216948161","0,0026284383124225673","0,03786504603452217"
985,"0,00017928236165842023","0,0026039605522200373","0,03768886299591167"
986,"0,0001779151711215603","0,0025797137703144207","0,03751343848369321"
987,"0,00017656058057023734","0,002555695784322492","0,03733876986012632"
988,"0,00017521845178558132","0,0025319044322849697","0,0371648544897473"
989,"0,00017388864829354116","0,002508337572479976","0,03699168973945999"
990,"0,00017257103534029498","0,0024849930832381117","0,03681927297862509"
991,"0,00017126547986803895","0,0024618688627591335","0,036647601579148155"
992,"0,0001699718504911483","0,002438962828930223","0,03647667291556621"
993,"0,00016869001747270496","0,002416272919145832","0,03630648436513302"
994,"0,00016741985270138517","0,002393797090129101","0,03613703330790309"
995,"0,00016616122966870122","0,0023715333177548236","0,03596831712681422"
996,"0,00016491402344659224","0,0023494795968739624","0,035800333207768924"
997,"0,00016367811066535676","0,0023276339411396887","0,035633078939714444"
998,"0,0001624533694919231","0,0023059943828349456","0,03546655171472157"
999,"0,00016123967960845074","0,002284558972701515","0,03530074892806214"
1000,"0,0001600369221912578","0,0022633257797705845","0,03513566797828534"
1001,"0,00015884497989006964","0,0022422928911947915","0,03497130626729276"
1002,"0,0001576637368075822","0,0022214584120817445","0,03480766120041227"
1003,"0,00015649307847933618","0,002200820465329003","0,034644730186470615"
1004,"0,00015533289185389596","0,0021803771914605066","0,03448251063786491"
1005,"0,00015418306527332912","0,0021601267484644407","0,034320999970632884"
1006,"0,00015304348845398118","0,002140067311632529","0,03416019560452204"
1007,"0,00015191405246754025","0,002120197073400744","0,034000094963057594"
1008,"0,00015079464972238843","0,002100514243191412","0,03384069547360931"
1009,"0,0001496851739452334","0,0020810170472567216","0,03368199456745723"
1010,"0,00014858552016301703","0,0020617037285236067","0,03352398967985622"
1011,"0,00014749558468509603","0,002042572546440001","0,033366678250099556"
1012,"0,00014641526508568978","0,002023621776822452","0,03321005772158126"
1013,"0,00014534446018659204","0,0020048497117050846","0,033054125541857465"
1014,"0,0001442830700401413","0,0019862546591898995","0,0328988791627067"
1015,"0,00014323099591244612","0,001967834943298402","0,03274431604018912"
1016,"0,00014218814026686108","0,0019495889038245427","0,032590433634704666"
1017,"0,0001411544067477095","0,0019315148961889658","0,03243722941105026"
1018,"0,00014012970016424897","0,0019136112912945533","0,032284700838475955"
1019,"0,00013911392647487531","0,0018958764753832502","0,03213284539074005"
1020,"0,0001381069927715618","0,0018783088498941663","0,03198166054616326"
1021,"0,00013710880726452954","0,0018609068313229402","0,03183114378768192"
1022,"0,00013611927926714527","0,001843668851082356","0,031681292602900125"
1023,"0,00013513831918104282","0,0018265933553642038","0,03153210448414103"
1024,"0,00013416583848146522","0,0018096788050023724","0,03138357692849715"
1025,"0,00013320174970282293","0,0017929236753371632","0,03123570743787968"
1026,"0,00013224596642446603","0,0017763264560808198","0,031088493519066965"
1027,"0,00013129840325666552","0,0017598856511842566","0,030941932683752033"
1028,"0,00013035897582680178","0,0017435997787049805","0,030796022448589193"
1029,"0,0001294276007657559","0,0017274673706761986","0,030650760335239773"
1030,"0,0001285041956945009","0,0017114869729770944","0,030506143870416957"
1031,"0,00012758867921089015","0,0016956571452042683","0,030362170585929757"
1032,"0,0001266809708766391","0,0016799764605443346","0,030218838018726133"
1033,"0,00012578099120449764","0,001664443505647658","0,030076143710935224"
1034,"0,0001248886616456105","0,0016490568805032264","0,02993408520990879"
1035,"0,00012400390457706166","0,0016338151983146501","0,029792660068261766"
1036,"0,0001231266432896008","0,0016187170853772742","0,02965186584391203"
1037,"0,00012225680197554866","0,0016037611809563974","0,029511700100119356"
1038,"0,00012139430571687831","0,001588946137166589","0,029372160405523543"
1039,"0,0001205390804734694","0,0015742706188520918","0,029233244334181757"
1040,"0,0001196910530715336","0,0015597333034683054","0,02909494946560511"
1041,"0,0001188501511922071","0,0015453328809643375","0,028957273384794424"
1042,"0,0001180163033603089","0,001531068053666616","0,028820213682275275"
1043,"0,00011718943893326146","0,001516937536163553","0,028683767954132234"
1044,"0,00011636948809017152","0,0015029400551912501","0,028547933802042392"
1045,"0,00011555638182106834","0,0014890743495202393","0,028412708833308136"
1046,"0,00011475005191629717","0,0014753391698432475","0,0282780906608892"
1047,"0,00011395043095606552","0,0014617332786639782","0,028144076903433974"
1048,"0,00011315745230013925","0,0014482554501868991","0,028010665185310125"
1049,"0,00011237105007768732","0,0014349044702080317","0,027877853136634507"
1050,"0,00011159115917727154","0,0014216791360067284","0,027745638393302376"
1051,"0,00011081771523698023","0,0014085782562384339","0,0276140185970159"
1052,"0,00011005065463470258","0,0013956006508284195","0,027482991395312007"
1053,"0,0001092899144785425","0,0013827451508664824","0,02735255444158959"
1054,"0,00010853543259736878","0,0013700105985026028","0,027222705395135972"
1055,"0,00010778714753150034","0,0013573958468435505","0,027093441921152803"
1056,"0,00010704499852352389","0,00134489975985043","0,02696476169078126"
1057,"0,0001063089255092424","0,0013325212122371607","0,026836662381126603"
1058,"0,00010557886910875173","0,0013202590893698818","0,02670914167528216"
1059,"0,00010485477061764435","0,0013081122871672704","0,0265821972623526"
1060,"0,00010413657199833727","0,0012960797120017743","0,02645582683747667"
1061,"0,00010342421587152297","0,0012841602806017399","0,02633002810184929"
1062,"0,00010271764550774102","0,001272352919954438","0,02620479876274305"
1063,"0,00010201680481906883","0,0012606565672099706","0,02608013653352911"
1064,"0,00010132163835092929","0,0012490701695860615","0,025956039133697515"
1065,"0,00010063209127401394","0,0012375926842737104","0,025832504288876956"
1066,"9,994810937632011e-05","0,0012262230783437135","0,02570952973085394"
1067,"9,926963905529912e-05","0,0012149603286540393","0,02558711319759139"
1068,"9,859662731011545e-05","0,001203803421758052","0,025465252433246703"
1069,"9,792902173401386e-05","0,0011927513538135725","0,02534394518818926"
1070,"9,726677050679365e-05","0,001181803130492777","0,02522318921901738"
1071,"9,660982238738793e-05","0,0011709577668929173","0,025102982288574754"
1072,"9,595812670654674e-05","0,001160214287447862","0,024983322165966344"
1073,"9,53116333596219e-05","0,0011495717258404488","0,02486420662657375"
1074,"9,467029279945276e-05","0,0011390291249156405","0,024745633452070086"
1075,"9,403405602935047e-05","0,0011285855365944786","0,02462760043043432"
1076,"9,340287459618018e-05","0,0011182400217888274","0,024510105355965123"
1077,"9,277670058353888e-05","0,0011079916503169008","0,02439314602929424"
1078,"9,215548660502804e-05","0,0010978395008195672","0,024276720257399353"
1079,"9,153918579761935e-05","0,0010877826606774219","0,024160825853616456"
1080,"9,092775181511211e-05","0,0010778202259286238","0,024045460637651762"
1081,"9,03211388216811e-05","0,0010679513011874887","0,023930622435593147"
1082,"8,97193014855132e-05","0,0010581749995638306","0,023816309079921116"
1083,"8,912219497253217e-05","0,0010484904425830475","0,02370251840951933"
1084,"8,852977494020919e-05","0,0010388967601069423","0,023589248269684653"
1085,"8,7941997531459e-05","0,001029393090255275","0,02347649651213677"
1086,"8,73588193686193e-05","0,0010199785793280367","0,023364260995027364"
1087,"8,678019754751329e-05","0,0010106523817284426","0,023252539582948865"
1088,"8,620608963159308e-05","0,0010014136598866332","0,02314133014694276"
1089,"8,563645364616327e-05","0,000992261584184083","0,02303063056450748"
1090,"8,507124807268353e-05","0,0009831953328787036","0,02292043871960586"
1091,"8,4510431843149e-05","0,0009742140920306435","0,022810752502672223"
1092,"8,395396433454702e-05","0,0009653170554287685","0,022701569810619018"
1093,"8,340180536338951e-05","0,0009565034245178263","0,022592888546843066"
1094,"8,285391518031966e-05","0,0009477724083262819","0,02248470662123144"
1095,"8,231025446479162e-05","0,0009391232233948223","0,022377021950166918"
1096,"8,177078431982278e-05","0,0009305550937055221","0,022269832456533058"
1097,"8,123546626681669e-05","0,000922067250611665","0,02216313606971892"
1098,"8,07042622404563e-05","0,0009136589327682165","0,022056930725623387"
1099,"8,017713458366609e-05","0,0009053293860629389","0,02195121436665911"
1100,"7,965404604264212e-05","0,0008970778635481461","0,021845984941756127"
1101,"7,913495976194932e-05","0,000888903625373091","0,021741240406365082"
1102,"7,861983927968443e-05","0,0008808059387169795","0,021636978722460124"
1103,"7,810864852270437e-05","0,0008727840777226066","0,021533197858541405"
1104,"7,760135180191833e-05","0,0008648373234306075","0,02142989578963731"
1105,"7,709791380764327e-05","0,0008569649637143207","0,02132707049730628"
1106,"7,659829960502148e-05","0,0008491662932152539","0,02122471996963832"
1107,"7,610247462949968e-05","0,0008414406132791515","0,021122842201256202"
1108,"7,561040468236824e-05","0,0008337872318926549","0,02102143519331632"
1109,"7,512205592636019e-05","0,0008262054636205521","0,020920496953509202"
1110,"7,463739488130876e-05","0,0008186946295436101","0,02082002549605976"
1111,"7,41563884198629e-05","0,0008112540571969871","0,02072001884172718"
1112,"7,36790037632596e-05","0,000803883080509216","0,02062047501780453"
1113,"7,320520847715258e-05","0,0007965810397417564","0,020521392058118055"
1114,"7,273497046749608e-05","0,0007893472814291104","0,020422768003026174"
1115,"7,226825797648346e-05","0,0007821811583194943","0,020324600899418187"
1116,"7,18050395785393e-05","0,0007750820293160643","0,020226888800712696"
1117,"7,134528417636483e-05","0,0007680492594186891","0,02012962976685571"
1118,"7,088896099703507e-05","0,0007610822196662659","0,020032821864318526"
1119,"7,043603958814803e-05","0,0007541802870795736","0,019936463166095268"
1120,"6,998648981402417e-05","0,0007473428446046593","0,01984055175170019"
1121,"6,954028185195607e-05","0,000740569281056753","0,01974508570716471"
1122,"6,90973861885074e-05","0,0007338589910647049","0,019650063125034173"
1123,"6,865777361586034e-05","0,0007272113750159428","0,019555482104364325"
1124,"6,8221415228211e-05","0,0007206258390019422","0,019461340750717586"
1125,"6,778828241821198e-05","0,0007141017947642048","0,019367637176159004"
1126,"6,735834687346149e-05","0,0007076386596407448","0,01927436949925203"
1127,"6,693158057303819e-05","0,0007012358565130721","0,019181535845053978"
1128,"6,650795578408154e-05","0,0006948928137536717","0,019089134345111274"
1129,"6,608744505841629e-05","0,0006886089651739757","0,018997163137454486"
1130,"6,56700212292213e-05","0,0006823837499728201","0,018905620366593087"
1131,"6,525565740774139e-05","0,0006762166126853842","0,018814504183509988"
1132,"6,484432698004205e-05","0,0006701070031326078","0,018723812745655863"
1133,"6,443600360380606e-05","0,0006640543763710822","0,018633544216943247"
1134,"6,403066120517176e-05","0,0006580581926434094","0,018543696767740387"
1135,"6,362827397561217e-05","0,000652117917329027","0,018454268574864898"
1136,"6,322881636885446e-05","0,000646233020895493","0,01836525782157722"
1137,"6,283226309783895e-05","0,0006404029788502267","0,01827666269757381"
1138,"6,243858913171772e-05","0,0006346272716927028","0,018188481398980192"
1139,"6,204776969289153e-05","0,0006289053848670929","0,018100712128343754"
1140,"6,165978025408496e-05","0,0006232368087153508","0,01801335309462637"
1141,"6,127459653545911e-05","0,000617621038430738","0,017926402513196816"
1142,"6,08921945017613e-05","0,0006120575740117853","0,017839858605822986"
1143,"6,051255035951133e-05","0,000606545920216685","0,01775371960066393"
1144,"6,0135640554223805e-05","0,0006010855865181133","0,01766798373226169"
1145,"5,976144176766576e-05","0,0005956760870584744","0,017582649241532973"
1146,"5,9389930915149596e-05","0,0005903169406055662","0,0174977143757606"
1147,"5,902108514286021e-05","0,0005850076705086621","0,017413177388584826"
1148,"5,8654881825216415e-05","0,0005797478046550041","0,017329036539994448"
1149,"5,829129856226579e-05","0,0005745368754267062","0,017245290096317752"
1150,"5,7930313177112745e-05","0,0005693744196580619","0,017161936330213297"
1151,"5,757190371337903e-05","0,0005642599785932523","0,017078973520660522"
1152,"5,721604843269668e-05","0,0005591930978444536","0,016996399952950183"
1153,"5,68627258122325e-05","0,000554173327350336","0,016914213918674655"
1154,"5,651191454224393e-05","0,000549200221334955","0,016832413715718034"
1155,"5,6163593523665786e-05","0,0005442733382670278","0,016750997648246117"
1156,"5,581774186572742e-05","0,0005393922408195942","0,016669964026696224"
1157,"5,5474338883599924e-05","0,0005345564958300556","0,01658931116776684"
1158,"5,513336409607291e-05","0,000529765674260591","0,016509037394407157"
1159,"5,479479722326054e-05","0,0005250193511589458","0,01642914103580642"
1160,"5,4458618184336273e-05","0,000520317105619589","0,016349620427383187"
1161,"5,412480709529613e-05","0,0005156585207452364","0,016270473910774366"
1162,"5,37933442667499e-05","0,0005110431836087371","0,016191699833824222"
1163,"5,346421020173993e-05","0,0005064706852153173","0,016113296550573142"
1164,"5,3137385593587296e-05","0,0005019406204651815","0,016035262421246352"
1165,"5,2812851323764774e-05","0,0004974525881164656","0,01595759581224245"
1166,"5,249058845979628e-05","0,0004930061907485385","0,015880295096121818"
1167,"5,217057825318256e-05","0,0004886010347256511","0,01580335865159495"
1168,"5,185280213735265e-05","0,0004842367301609265","0,015726784863510604"
1169,"5,15372417256407e-05","0,0004799128908806908","0,015650572122843855"
1170,"5,122387880928803e-05","0,00047562913438914037","0,01557471882668404"
1171,"5,0912695355469774e-05","0,00047138508183334186","0,015499223378222567"
1172,"5,060367350534612e-05","0,0004671803579685631","0,015424084186740619"
1173,"5,0296795572137534e-05","0,00046301459112393093","0,01534929966759676"
1174,"4,999204403922373e-05","0,00045888741316841295","0,015274868242214395"
1175,"4,9689401558266224e-05","0,00045479845947712103","0,015200788338069164"
1176,"4,9388850947353836e-05","0,0004507473688979324","0,015127058388676205"
1177,"4,90903751891711e-05","0,00044673378371842663","0,015053676833577312"
1178,"4,879395742918919e-05","0,0004427573496331341","0,014980642118328018"
1179,"4,849958097387904e-05","0,0004388177157110946","0,014907952694484545"
1180,"4,820722928894632e-05","0,00043491453436372244","0,014835607019590677"
1181,"4,7916885997588094e-05","0,0004310474613129747","0,014763603557164542"
1182,"4,762853487877075e-05","0,0004272161555598208","0,014691940776685284"
1183,"4,734215986552899e-05","0,00042342027935301027","0,014620617153579657"
1184,"4,705774504328562e-05","0,00041965949815813547","0,014549631169208524"
1185,"4,677527464819161e-05","0,00041593348062698694","0,014478981310853272"
1186,"4,6494733065486723e-05","0,000412241898567199","0,01440866607170214"
1187,"4,62161048278797e-05","0,00040858442691218185","0,014338683950836465"
1188,"4,5939374613948384e-05","0,00040496074369133876","0,014269033453216845"
1189,"4,566452724655906e-05","0,0004013705300005648","0,014199713089669217"
1190,"4,539154769130512e-05","0,0003978134699730248","0,014130721376870874"
1191,"4,512042105496447e-05","0,00039428925075020763","0,014062056837336386"
1192,"4,4851132583975674e-05","0,00039079756245325527","0,013993717999403455"
1193,"4,458366766293245e-05","0,0003873380981545625","0,013925703397218703"
1194,"4,4318011813096364e-05","0,00038391055384964616","0,013858011570723383"
1195,"4,405415069092736e-05","0,0003805146284292806","0,013790641065639014"
1196,"4,379207008663202e-05","0,0003771500236518971","0,013723590433452965"
1197,"4,3531755922729306e-05","0,00037381644411624444","0,013656858231403961"
1198,"4,327319425263342e-05","0,00037051359723430926","0,013590443022467522"
1199,"4,301637125925373e-05","0,00036724119320449253","0,013524343375341356"
1200,"4,27612732536114e-05","0,0003639989449850401","0,013458557864430672"
1201,"4,250788667347264e-05","0,00036078656826772583","0,013393085069833444"
1202,"4,2256198081998154e-05","0,0003576037814517833","0,013327923577325613"
1203,"4,2006194166408914e-05","0,0003544503056180855","0,013263071978346244"
1204,"4,1757861736667545e-05","0,0003513258645035687","0,013198528869982603"
1205,"4,15111877241757e-05","0,0003482301844758997","0,013134292854955208"
1206,"4,126615918048666e-05","0,0003451629945083825","0,01307036254160281"
1207,"4,102276327603346e-05","0,00034212402615510355","0,013006736543867336"
1208,"4,07809872988719e-05","0,0003391130135263128","0,012943413481278775"
1209,"4,05408186534386e-05","0,0003361296932640384","0,012880391978940012"
1210,"4,030224485932363e-05","0,00033317380451793234","0,012817670667511633"
1211,"4,006525355005768e-05","0,0003302450889213463","0,012755248183196661"
1212,"3,982983247191375e-05","0,0003273432905676334","0,012693123167725287"
1213,"3,959596948272249e-05","0,0003244681559866762","0,012631294268339498"
1214,"3,936365255070207e-05","0,0003216194341216366","0,012569760137777735"
1215,"3,9132869753301374e-05","0,0003187968763059273","0,012508519434259456"
1216,"3,8903609276057005e-05","0,00031600023624040103","0,012447570821469687"
1217,"3,867585941146367e-05","0,00031322926997075766","0,012386912968543542"
1218,"3,844960855785777e-05","0,00031048373586516466","0,012326544550050679"
1219,"3,8224845218314025e-05","0,00030776339459209155","0,01226646424597975"
1220,"3,800155799955518e-05","0,0003050680090983538","0,012206670741722811"
1221,"3,777973561087423e-05","0,00030239734458736584","0,012147162728059688"
1222,"3,755936686306934e-05","0,0002997511684976009","0,012087938901142329"
1223,"3,734044066739117e-05","0,0002971292504812556","0,012028997962479105"
1224,"3,712294603450245e-05","0,000294531362383117","0,011970338618919114"
1225,"3,6906872073449616e-05","0,00029195727821963084","0,011911959582636435"
1226,"3,669220799064641e-05","0,000289406774158169","0,011853859571114352"
1227,"3,6478943088869353e-05","0,00028687962849649376","0,011796037307129572"
1228,"3,6267066766264646e-05","0,0002843756216424175","0,011738491518736405"
1229,"3,605656851536685e-05","0,000281894536093656","0,011681220939250933"
1230,"3,584743792212869e-05","0,0002794361564178731","0,01162422430723515"
1231,"3,5639664664962075e-05","0,00027700026923291565","0,011567500366481062"
1232,"3,5433238513790334e-05","0,0002745866631872361","0,011511047865994821"
1233,"3,522814932911123e-05","0,00027219512894050165","0,011454865559980782"
1234,"3,502438706107079e-05","0,0002698254591443878","0,011398952207825582"
1235,"3,482194174854781e-05","0,0002674774484235546","0,011343306574082175"
1236,"3,462080351824882e-05","0,00026515089335680457","0,011287927428453881"
1237,"3,4420962583813445e-05","0,00026284559245841896","0,011232813545778396"
1238,"3,422240924493008e-05","0,00026056134615967295","0,011177963706011795"
1239,"3,402513388646152e-05","0,0002582979567905255","0,011123376694212535"
1240,"3,3829126977580805e-05","0,00025605522856148483","0,011069051300525424"
1241,"3,36343790709167e-05","0,0002538329675456458","0,011014986320165603"
1242,"3,3440880801709094e-05","0,00025163098166089854","0,010961180553402504"
1243,"3,324862288697387e-05","0,0002494490806523066","0,010907632805543795"
1244,"3,305759612467744e-05","0,0002472870760746533","0,010854341886919337"
1245,"3,286779139292049e-05","0,00024514478127515355","0,010801306612865115"
1246,"3,267919964913109e-05","0,00024302201137633118","0,010748525803707163"
1247,"3,249181192926695e-05","0,00024091858325905917","0,01069599828474551"
1248,"3,230561934702662e-05","0,00023883431554576126","0,010643722886238076"
1249,"3,2120613093069725e-05","0,0002367690285837739","0,010591698443384616"
1250,"3,1936784434245906e-05","0,00023472254442886685","0,01053992379631061"
1251,"3,175412471283258e-05","0,00023269468682892065","0,010488397790051203"
1252,"3,1572625345781114e-05","0,00023068528120775975","0,010437119274535092"
1253,"3,139227782397166e-05","0,00022869415464913997","0,010386087104568455"
1254,"3,121307371147629e-05","0,0002267211358808883","0,01033530013981886"
1255,"3,103500464483036e-05","0,00022476605525919416","0,01028475724479917"
1256,"3,085806233231215e-05","0,00022282874475305055","0,01023445728885147"
1257,"3,068223855323052e-05","0,00022090903792884313","0,010184399146130977"
1258,"3,05075251572205e-05","0,000219006769935087","0,010134581695589968"
1259,"3,033391406354682e-05","0,0002171217774873083","0,010085003820961695"
1260,"3,0161397260415174e-05","0,0002152538988530707","0,010035664410744324"
1261,"2,998996680429124e-05","0,00021340297383714416","0,009986562358184866"
1262,"2,9819614819227156e-05","0,00021156884376681562","0,009937696561263127"
1263,"2,965033349619558e-05","0,00020975135147733974","0,009889065922675645"
1264,"2,9482115092431177e-05","0,00020795034129752828","0,009840669349819654"
1265,"2,9314951930779328e-05","0,0002061656590354773","0,009792505754777043"
1266,"2,9148836399052105e-05","0,00020439715196443034","0,009744574054298336"
1267,"2,8983760949391403e-05","0,00020264466880877654","0,009696873169786667"
1268,"2,88197180976391e-05","0,00020090805973018268","0,009649402027281779"
1269,"2,8656700422714147e-05","0,00019918717631385723","0,00960215955744402"
1270,"2,8494700565996557e-05","0,00019748187155494584","0,00955514469553837"
1271,"2,8333711230718222e-05","0,00019579199984505637","0,009508356381418453"
1272,"2,817372518136038e-05","0,000194117416958913","0,009461793559510585"
1273,"2,801473524305773e-05","0,00019245798004113745","0,009415455178797827"
1274,"2,78567343010091e-05","0,00019081354759315665","0,009369340192804044"
1275,"2,7699715299894583e-05","0,00018918397946023516","0,009323447559577988"
1276,"2,7543671243299073e-05","0,0001875691368186318","0,0092777762416774"
1277,"2,738859519314207e-05","0,00018596888216287845","0,009232325206153106"
1278,"2,7234480269113786e-05","0,00018438307929318106","0,009187093424533156"
1279,"2,708131964811734e-05","0,0001828115933029404","0,009142079872806956"
1280,"2,6929106563717105e-05","0,0001812542905663922","0,009097283531409437"
1281,"2,6777834305593027e-05","0,00017971103872636545","0,00905270338520522"
1282,"2,6627496219000878e-05","0,00017818170668215772","0,009008338423472826"
1283,"2,647808570423845e-05","0,00017666616457752616","0,008964187639888873"
1284,"2,632959621611743e-05","0,00017516428378879328","0,008920250032512315"
1285,"2,6182021263441106e-05","0,0001736759369130665","0,008876524603768697"
1286,"2,6035354408487686e-05","0,00017220099775657027","0,008833010360434419"
1287,"2,5889589266499225e-05","0,00017073934132308947","0,00878970631362103"
1288,"2,5744719505176067e-05","0,00016929084380252354","0,00874661147875954"
1289,"2,5600738844176763e-05","0,00016785538255955008","0,008703724875584753"
1290,"2,545764105462335e-05","0,00016643283612239633","0,008661045528119627"
1291,"2,531541995861202e-05","0,0001650230841717186","0,008618572464659642"
1292,"2,5174069428728984e-05","0,00016362600752958752","0,008576304717757203"
1293,"2,5033583387571608e-05","0,00016224148814857894","0,008534241324206063"
1294,"2,4893955807274636e-05","0,00016086940910096887","0,008492381325025776"
1295,"2,4755180709041544e-05","0,00015950965456803195","0,008450723765446153"
1296,"2,461725216268087e-05","0,00015816210982944206","0,008409267694891762"
1297,"2,448016428614752e-05","0,00015682666125277445","0,00836801216696645"
1298,"2,434391124508902e-05","0,00015550319628310818","0,008326956239437883"
1299,"2,4208487252396535e-05","0,000154191603432728","0,00828609897422211"
1300,"2,4073886567760752e-05","0,00015289177227092467","0,008245439437368161"
1301,"2,3940103497232446e-05","0,00015160359341389305","0,008204976699042675"
1302,"2,3807132392787716e-05","0,00015032695851472644","0,008164709833514533"
1303,"2,3674967651897928e-05","0,00014906176025350704","0,008124637919139534"
1304,"2,3543603717104054e-05","0,00014780789232749097","0,008084760038345103"
1305,"2,341303507559573e-05","0,00014656524944138706","0,008045075277615017"
1306,"2,3283256258794624e-05","0,00014533372729772916","0,008005582727474148"
1307,"2,3154261841942262e-05","0,0001441132225873398","0,007966281482473265"
1308,"2,3026046443692235e-05","0,00014290363297988582","0,007927170641173837"
1309,"2,289860472570663e-05","0,00014170485711452387","0,007888249306132866"
1310,"2,2771931392256834e-05","0,0001405167945906357","0,007849516583887774"
1311,"2,2646021189828442e-05","0,0001393393459586519","0,007810971584941289"
1312,"2,252086890673037e-05","0,00013817241271096368","0,007772613423746375"
1313,"2,239646937270806e-05","0,00013701589727292137","0,007734441218691199"
1314,"2,2272817458560752e-05","0,00013586970299391923","0,007696454092084106"
1315,"2,2149908075762775e-05","0,00013473373413856567","0,007658651170138656"
1316,"2,2027736176088793e-05","0,00013360789587793764","0,007621031582958655"
1317,"2,1906296751242946e-05","0,00013249209428091915","0,007583594464523252"
1318,"2,1785584832491936e-05","0,0001313862363056224","0,007546338952672041"
1319,"2,1665595490301882e-05","0,00013029022979089107","0,0075092641890902095"
1320,"2,154632383397897e-05","0,00012920398344788518","0,0074723693192937125"
