step,S,I,R
0,100,1,0
1,"99,96039603960396","1,0296039603960396","0,01"
2,"99,91963579419995","1,0600681661960922","0,020296039603960397"
3,"99,8776866357511","1,0914166429829786","0,03089672126592132"
4,"99,83451508349094","1,1236740288133062","0,04181088769575111"
5,"99,79008678575688","1,1568655862592283","0,05304762798388417"
6,"99,74436650169658","1,1910172144569386","0,06461628384647645"
7,"99,69731808286544","1,226155461143507","0,07652645599104584"
8,"99,64890445473527","1,262307534662237","0,0887880106024809"
9,"99,59908759813565","1,2995013159152382","0,10141108594910327"
10,"99,5478285306514","1,3377653702403371","0,11440609910825565"
11,"99,49508728800153","1,3771289591878064","0,127783752810659"
12,"99,44082290542678","1,4176220521706713","0,14155504240253708"
13,"99,3849933991152","1,4592753379605414","0,1557312629242438"
14,"99,3275557476971","1,502120235999035","0,17032401630384922"
15,"99,26846587384327","1,5461889074928816","0,18534521866383957"
16,"99,20767862600249","1,591514266258734","0,2008071077387684"
17,"99,14514776031707","1,6381299892815702","0,21672225040135573"
18,"99,0808259227575","1,6860705269483298","0,23310355029417143"
19,"99,01466463152025","1,7353711129160978","0,24996425556365473"
20,"98,94661425973545","1,786067773571735","0,2673179666928157"
21,"98,87662401853413","1,8381973370373432","0,2851786444285331"
22,"98,80464194052774","1,8917974416733507","0,30356061779890653"
23,"98,73061486375605","1,9469065440283169","0,32247859221564"
24,"98,65448841616231","2,0035639261817706","0,34194765765592317"
25,"98,57620700065873","2,0618097024235333","0,3619832969177409"
26,"98,495713780848","2,1216848252100187","0,38260139394197623"
27,"98,41295066747095","2,18323109033497","0,4038182421940764"
28,"98,32785830565359","2,2464911412489763","0,4256505530974261"
29,"98,24037606303116","2,3115084724589163","0,44811546450991585"
30,"98,15044201883028","2,3783274319352166","0,471230549234505"
31,"98,05799295399466","2,4469932224514888","0,4950138235538572"
32,"97,96296434244391","2,517551901777715","0,5194837557783721"
33,"97,86529034355912","2,5900503816447307","0,5446592747961493"
34,"97,76490379599313","2,6645364253942665","0,5705597786125965"
35,"97,66173621290815","2,7410586442253098","0,5972051428665393"
36,"97,55571777874718","2,8196664919440244","0,6246157293087924"
37,"97,44677734765084","2,900410258120933","0,6528123942282327"
38,"97,33484244363501","2,9833410595555465","0,681816496809442"
39,"97,21983926264987","3,0685108299451263","0,7116499074049975"
40,"97,10169267664473","3,15597230765081","0,7423350157044487"
41,"96,98032623976809","3,2457790214509394","0,7738947387809568"
42,"96,8556621968364","3,337985274168116","0,8063525289954663"
43,"96,72762149420954","3,4326461240533024","0,8397323817371475"
44,"96,59612379321509","3,529817363807222","0,8740588429776806"
45,"96,46108748626786","3,6295554971163826","0,9093570166157527"
46,"96,32242971583474","3,731917712578331","0,9456525715869166"
47,"96,18006639639906","3,8369618548882327","0,9829717487126999"
48,"96,0339122395818","3,9447463931566182","1,0213413672615823"
49,"95,88388078258069","4,0553303862261645","1,0607888311931486"
50,"95,72988442009084","4,168773444853759","1,1013421350554102"
51,"95,57183443987326","4,285135690622803","1,1430298695039478"
52,"95,40964106213995","4,404477711449879","1,185881226410176"
53,"95,24321348292584","4,526860513549491","1,2299260035246746"
54,"95,07245992161914","4,652345469720698","1,2751946086601695"
55,"94,89728767282249","4,780994263820144","1,3217180633573766"
56,"94,7176031627172","4,9128688312872315","1,3695280059955781"
57,"94,5333120101024","5,04803129558915","1,4186566943084504"
58,"94,34431909227956","5,1865439004561065","1,469137007264342"
59,"94,15052861595055","5,3284689377805545","1,521002446268903"
60,"93,95184419329482","5,473868671058477","1,5742871356467085"
61,"93,74816892338676","5,622805254255949","1,6290258223572933"
62,"93,5394054791098","5,775340645990338","1,685253874899853"
63,"93,32545619971762","5,931536518922623","1,7430072813597564"
64,"93,10622318918544","6,09145416426557","1,8023226465489826"
65,"92,88160842048651","6,255154391321846","1,8632371881916383"
66,"92,65151384591842","6,422697421976723","1,9257887321048568"
67,"92,41584151359349","6,594142780081874","1,990015706324624"
68,"92,17449369019465","6,769549175679889","2,0559571341254426"
69,"91,9273729900841","6,948974384033653","2,1236526258822415"
70,"91,67438251083672","7,132475119440683","2,193142369722578"
71,"91,4154259752531","7,320106903829892","2,2644671209169847"
72,"91,15040787988755","7,511923930157138","2,3376681899552834"
73,"90,87923365010676","7,707978920636363","2,4127874292568547"
74,"90,60180980167166","7,908322979865092","2,4898672184632185"
75,"90,31804410881149","8,11300544292661","2,5689504482618695"
76,"90,02784577873257","8,322073718576265","2,6500805026911354"
77,"89,73112563247703","8,535573127646039","2,733301239876898"
78,"89,42779629201684","8,753546736829778","2,8186569711533584"
79,"89,11777237343709","8,976035188041227","2,906192438521656"
80,"88,80097068602964","9,203076523568267","2,9959527904020686"
81,"88,47731043708283","9,434706007279386","3,0879835556377513"
82,"88,14671344211702","9,670955942172402","3,182330615710545"
83,"87,80910434027702","9,911855484590681","3,2790401751322693"
84,"87,46441081455339","10,157430455468406","3,378158729978176"
85,"87,11256381646335","10,407703149003758","3,47973303453286"
86,"86,75349779478003","10,662692139197047","3,5838100660228975"
87,"86,38715092785557","10,922412084729531","3,690436987414868"
88,"86,01346535903983","11,186873532697984","3,7996611082621636"
89,"85,63238743465143","11,456082721759392","3,9115298435891437"
90,"85,24386794391357","11,730041385279668","4,026090670806737"
91,"84,84786236022113","12,008746555119314","4,143391084659534"
92,"84,44433108306171","12,292190366727544","4,263478550210727"
93,"84,03323967986806","12,580359866253916","4,386400453878002"
94,"83,61455912703642","12,873236820423024","4,512204052540541"
95,"83,18826604930271","13,170797529952498","4,640936420744771"
96,"82,75434295662818","13,473012647327502","4,772644396044297"
97,"82,31277847770701","13,779846999775387","4,907374522517571"
98,"81,86356758917267","14,091259418311973","5,045172992515325"
99,"81,40671183954592","14,407202573755606","5,186085586698445"
100,"80,94221956693772","14,727622820626245","5,330157612436"
101,"80,4701061094937","15,052460049864012","5,477433840642263"
102,"79,9903940075446","15,381647551314469","5,627958441140903"
103,"79,50311319641001","15,71511188693591","5,781774916654047"
104,"79,00830118878969","16,052772775686876","5,938926035523407"
105,"78,50600324567021","16,39454299104948","6,099453763280276"
106,"77,99627253467354","16,740328272135663","6,263399193190771"
107,"77,47917027477912","17,090027249308722","6,430802475912127"
108,"76,95476586636336","17,443531385231402","6,601702748405215"
109,"76,42313700551858","17,800724932223858","6,7761380622575285"
110,"75,8843697816402","18,161484906779993","6,954145311579767"
111,"75,33855875730366","18,525681082048738","7,135760160647567"
112,"74,78580702949415","18,893175999037755","7,321016971468054"
113,"74,22622627130076","19,263824997240768","7,509948731458431"
114,"73,65993675324296","19,637476265326157","7,702586981430839"
115,"73,08706734346188","20,01397091245398","7,898961744084101"
116,"72,50775548608026","20,393143060711072","8,099101453208641"
117,"71,92214715711444","20,77481995906978","8,303032883815753"
118,"71,33039679740799","21,15882211918553","8,510781083406451"
119,"70,73266722214966","21,544963473252","8,722369304598306"
120,"70,12912950663801","21,933051554031127","8,937818939330826"
121,"69,51996284806042","22,32288769706841","9,157149454871139"
122,"68,90535440316472","22,714267264993417","9,380378331841822"
123,"68,28549910181717","23,10697989369104","9,607521004491756"
124,"67,66059943655921","23,50080976001209","9,838590803428668"
125,"67,03086522839804","23,895535870573138","10,073598901028788"
126,"66,39651336918983","24,29093237107562","10,312554259734519"
127,"65,75776754110025","24,68676887545445","10,555463583445276"
128,"65,11485791375253","25,08281081404763","10,80233127219982"
129,"64,46802081979837","25,478819799861313","11,053159380340297"
130,"63,81749840977011","25,874554011890957","11,30794757833891"
131,"63,163538287192935","26,269768594349223","11,566693118457819"
132,"62,50639312505239","26,664216070546274","11,82939080440131"
133,"61,846320264823916","27,05764677006929","12,096032965106772"
134,"61,18358129937671","27,449809267815798","12,366609432807465"
135,"60,51844164116293","27,84045083335142","12,641107525485623"
136,"59,851170077193885","28,22931788898695","12,919512033819137"
137,"59,18203831238718","28,616156474903786","13,201805212709006"
138,"58,51132050294123","29,0007127196007","13,487966777458045"
139,"57,839292781455974","29,382733313889954","13,777973904654052"
140,"57,16623277557022","29,761965986636806","14,071801237792952"
141,"56,49241912192639","30,138159980414272","14,369420897659321"
142,"55,81813097730174","30,511066525234778","14,670802497463464"
143,"55,14364752876205","30,880439308522124","14,975913162715813"
144,"54,469247504697705","31,24603493950125","15,284717555801034"
145,"53,795208688594684","31,607613406209257","15,597177905196046"
146,"53,12180743737272","31,96493852336912","15,913254039258138"
147,"52,44931820609119","32,31777836941696","16,23290342449183"
148,"51,778013080779715","32,66590571103427","16,556081208186"
149,"51,10816132109597","33,009098413607674","16,882740265296345"
150,"50,440028914447815","33,34713983611975","17,212831249432423"
151,"49,77387814314167","33,679819209064696","17,54630264779362"
152,"49,10996716603473","34,00693199408099","17,883100839884268"
153,"48,44854961607556","34,32828022409935","18,223170159825077"
154,"47,78987421501741","34,64367282291651","18,56645296206607"
155,"47,13418440648142","34,95292590322334","18,912889690295234"
156,"46,48171800843444","35,25586304223808","19,26241894932747"
157,"45,83270688602918","35,552315534220966","19,614977579749848"
158,"45,18737664563331","35,842122619274626","19,970500735092056"
159,"44,54594635075167","36,12513168796352","20,328921961284802"
160,"43,908628260420635","36,401198461414914","20,690173278164437"
161,"43,275627590529126","36,67018714669227","21,054185262778585"
162,"42,647142298396346","36,93197056735813","21,420887134245508"
163,"42,02336289081365","37,18643026926724","21,79020683991909"
164,"41,40447225563767","37,43345660175055","22,16207114261176"
165,"40,79064551690508","37,67294877446564","22,536405708629268"
166,"40,182049913326566","37,9048148902995","22,913135196373926"
167,"39,578844699909766","38,1289719548133","23,29218334527692"
168,"38,98118107235857","38,345345862816366","23,673473064825053"
169,"38,38920211379989","38,55387136274688","24,056926523453217"
170,"37,803042763299324","38,75449199961998","24,442465237080686"
171,"37,222829805544244","38,94716003737886","24,830010157076885"
172,"36,64868188099745","39,13183636155186","25,219481757450673"
173,"36,080709515756354","39,30849036317744","25,61080012106619"
174,"35,519015170292306","39,477099805009715","26,003885024697965"
175,"34,963693306192","39,63765067105992","26,398656022748064"
176,"34,41483046997777","39,79013700056355","26,795032529458663"
177,"33,87250539304645","39,93456070748923","27,192933899464297"
178,"33,336789106736205","40,07093138672459","27,59227950653919"
179,"32,807745071508585","40,19926610808496","27,992988820406435"
180,"32,28542931921719","40,319589199295514","28,394981481487285"
181,"31,769890607425612","40,431932019094134","28,79817737348024"
182,"31,261170584735122","40,53633272159368","29,20249669367118"
183,"30,759303966085888","40,63283601302698","29,607860020887117"
184,"30,264318717005168","40,721492901977435","30,014188381017387"
185,"29,776236245790233","40,8023604441726","30,42140331003716"
186,"29,295071602633175","40,875501482887934","30,829426914478887"
187,"28,820833684718426","40,940984385973806","31,238181929307768"
188,"28,353525446351377","40,99888278048112","31,647591773167505"
189,"27,893144113207477","41,04927528582021","32,057580600972315"
190,"27,439681399825254","41,09224524634423","32,46807335383052"
191,"26,993123729503207","41,12788046420283","32,878995806293965"
192,"26,553452455799267","41,15627293326474","33,290274610935995"
193,"26,120644084872","41,177518574859356","33,70183734026864"
194,"25,694670497944433","41,19171697603833","34,113612526017235"
195,"25,27549917321418","41,19897113100819","34,52552969577762"
196,"24,863093406576922","41,199387186335365","34,937519407087706"
197,"24,45741253057392","41,193074190475016","35,34951327895106"
198,"24,058412131017885","41,1801438481263","35,761444020855805"
199,"23,666044260794983","41,160710279867935","36,17324545933707"
200,"23,280257650383454","41,13488978748079","36,584852562135744"
201,"22,900997914671503","41,10280062531793","36,99620146001055"
202,"22,52820775569821","41,064562778038045","37,407229466263736"
203,"22,16182716098116","41,02029774497471","37,81787509404412"
204,"21,801793597133194","40,970128331372926","38,22807807149387"
205,"21,448042198507984","40,9141784466844","38,6377793548076"
206,"21,100505950649858","40,852572910075686","39,046921139274446"
207,"20,75911586835742","40,78543726326737","39,455446868375205"
208,"20,42380116820305","40,71289759078906","39,86330124100788"
209,"20,094489435380993","40,63508034770323","40,27043021691577"
210,"19,771106784785832","40,55211219482136","40,6767810203928"
211,"19,453578016250216","40,46411984140877","41,082302142341014"
212,"19,14182676389626","40,371229895348634","41,486943340755104"
213,"18,835775639578557","40,273568720712845","41,89065563970859"
214,"18,535346370418758","40,17126230266552","42,29339132691572"
215,"18,24045993045169","40,064436119605936","42,69510394994237"
216,"17,951036666421665","39,953215022439906","43,09574831113843"
217,"17,66699641778434","39,83772312085283","43,49528046136283"
218,"17,38825863098482","39,718083676443825","43,89365769257136"
219,"17,114742468096463","39,59441900256774","44,2908385293358"
220,"16,846366909917116","39,46685037072141","44,68678271936148"
221,"16,583050853630393","39,33549792330091","45,0814512230687"
222,"16,324713205149216","39,20048059254908","45,47480620230171"
223,"16,071272966267085","39,06191602550572","45,866811008227195"
224,"15,822649316749736","38,91992051476801","46,25743016848225"
225,"15,578761691505797","38,77460893486427","46,646629373629935"
226,"15,339529852980021","38,6260946840414","47,03437546297858"
227,"15,1048739589167","38,474489631264305","47,420636409819"
228,"14,87471462564387","38,319904068224496","47,805381306131636"
229,"14,648972987031241","38,162446666154885","48,18858034681388"
230,"14,427570749276182","38,002224437248394","48,57020481347543"
231,"14,210430241672904","37,839342700479186","48,95022705784791"
232,"13,997474463520067","37,67390505162723","49,328620484852706"
233,"13,78862712732156","37,50601333730947","49,70535953536898"
234,"13,58381269843423","37,3357676328237","50,080419668742074"
235,"13,382956431314808","37,16326622361488","50,453777345070314"
236,"13,185984402516395","36,988605590177144","50,825410007306466"
237,"12,99282354058257","36,8118803962092","51,19529606320824"
238,"12,80340165298456","36,633183479845115","51,56341486717033"
239,"12,617647450243991","36,45260584778723","51,92974670196878"
240,"12,435490567380592","36,27023667217276","52,29427276044665"
241,"12,256861582820804","36,086163290010816","52,65697512716838"
242,"12,081692034899723","35,900471205031785","53,01783676006849"
243,"11,909914436085078","35,71324409179611","53,376841472118805"
244,"11,741462285048122","35,52456380191511","53,73397391303676"
245,"11,576270076702391","35,33451037224169","54,08921955105591"
246,"11,414273310327298","35,14316203489437","54,44256465477833"
247,"11,255408495889515","34,950595228983204","54,79399627512728"
248,"11,099613158671023","34,756884613911865","55,14350222741711"
249,"10,946825842308652","34,56210308413512","55,49107107355623"
250,"10,796986110345902","34,36632178525652","55,83669210439758"
251,"10,650034546393785","34,169610131356066","56,18035532225014"
252,"10,505912752993488","33,9720358234428","56,5220514235637"
253,"10,364563349269662","33,773664868932194","56,86177178179813"
254,"10,225929967459345","33,57456160205319","57,199508430487455"
255,"10,089957248397663","33,37478870509434","57,53525404650799"
256,"9,95659083603778","33,17440723040328","57,86900193355893"
257,"9,825777371078882","32,97347662305815","58,20074600586296"
258,"9,697464483772489","32,77205474413396","58,53048077209354"
259,"9,57160078597388","32,57019789449123","58,85820131953488"
260,"9,448135862502102","32,367960839018096","59,18390329847979"
261,"9,327020261868759","32,16539683126126","59,50758290686997"
262,"9,20820548643263","31,962557638384776","59,82923687518258"
263,"9,091643982034139","31,75949356639942","60,14886245156643"
264,"8,97728912716071","31,556253485608856","60,46645738723043"
265,"8,86509522169129","31,352884856222186","60,78201992208652"
266,"8,755017475265495","31,14943375408576","61,09554877064874"
267,"8,64701199532029","30,945944896490108","61,4070431081896"
268,"8,541035774834558","30,742461668010936","61,7165025571545"
269,"8,437046679819524","30,53902614634586","62,02392717383461"
270,"8,335003436590632","30,335679128111295","62,329317435298066"
271,"8,234865618854348","30,132460154566466","62,63267422657918"
272,"8,136593634641144","29,929407537234002","62,93399882812484"
273,"8,040148713114","29,726558383388806","63,23329290349718"
274,"7,945492891279738","29,52394862138918","63,53055848733107"
275,"7,852589000628745","29,32161302582628","63,825797973544965"
276,"7,761400653726846","29,119585242469917","64,11901410380322"
277,"7,671892230781436","28,917897812990628","64,41020995622792"
278,"7,584028866202421","28,716582199439735","64,69938893435783"
279,"7,497776435176985","28,515668808470775","64,98655475635222"
280,"7,413101540275812","28,31518701528724","65,27171144443693"
281,"7,32997149810701","28,11516518730317","65,55486331458981"
282,"7,248354326032752","27,9156307075044","65,83601496646284"
283,"7,168218728962387","27,71660999749972","66,11517127353788"
284,"7,0895340862346945","27,518128540252416","66,39233737351287"
285,"7,01227043860083","27,320210902483755","66,6675186589154"
286,"6,936398475318523","27,122880756741225","66,94072076794023"
287,"6,8618895213671145","26,926160903125222","67,21194957550765"
288,"6,788715524792145","26,73007329066894","67,48121118453889"
289,"6,716849044187314","26,53463903836708","67,74851191744558"
290,"6,646263236320894","26,33987845584983","68,01385830782925"
291,"6,576931843912864","26,145811063699366","68,27725709238776"
292,"6,508829183568399","25,952455613406837","68,53871520302475"
293,"6,441930133872634","25,759830106968533","68,79823975915882"
294,"6,376210123651042","25,56795181612044","69,05583806022851"
295,"6,311645120399173","25,376837301211104","69,31151757838971"
296,"6,248211618884974","25,186502429713194","69,56528595140182"
297,"6,185886629926396","24,99696239437464","69,81715097569895"
298,"6,124647669346541","24,808231731010753","70,06712059964269"
299,"6,064472747108147","24,62032433593904","70,3152029169528"
300,"6,005340356628834","24,433253483058962","70,56140616031219"
301,"5,947229464278119","24,247031840579087","70,80573869514278"
302,"5,890119499056898","24,061671487394516","71,04820901354857"
303,"5,833990342459749","23,877183929117724","71,28882572842252"
304,"5,778822318520102","23,693580113766192","71,5275975677137"
305,"5,7245961840380915","23,51087044711054","71,76453336885136"
306,"5,671293118990589","23,329064807686937","71,99964207332246"
307,"5,61889471712274","23,148172561477917","72,23293272139934"
308,"5,567382976720073","22,968202576265806","72,46441444701412"
309,"5,5167402915600885","22,789163235663136","72,69409647277678"
310,"5,46694944204202","22,611062452824573","72,92198810513341"
311,"5,417993586493329","22,433907683845018","73,14809872966165"
312,"5,369856252651326","22,25770594084857","73,3724378065001"
313,"5,322521329318201","22,08246380477321","73,59501486590858"
314,"5,275973058187587","21,908187437856093","73,81583950395631"
315,"5,230196025840715","21,734882595824406","74,03492137833487"
316,"5,185175155910103","21,562554639796772","74,25227020429311"
317,"5,140895701408626","21,391208547900284","74,46789575069108"
318,"5,09734323722176","21,22084892660815","74,6818078361701"
319,"5,05450365276071","21,051480021803116","74,89401632543617"
320,"5,012363144774087","20,883105729571707","75,1045311256542"
321,"4,97090821031574","20,715729606734335","75,31336218294992"
322,"4,930125639866315","20,549354881116415","75,52051947901725"
323,"4,890002510606076","20,38398446156549","75,72601302782842"
324,"4,850526179836487","20,219620947719424","75,92985287244407"
325,"4,811684278548058","20,05626663953066","76,13204908192127"
326,"4,7734647051319","19,89392354655151","76,33261174831657"
327,"4,735855619232472","19,732593396985422","76,53155098378208"
328,"4,69884543573895","19,57227764650909","76,72887691775193"
329,"4,662422818912687","19,412977486870265","76,92459969421702"
330,"4,626576676648203","19,254693854266048","77,11872946908572"
331,"4,591296154865174","19,09742743750642","77,31127640762838"
332,"4,556570632028881","18,941178685967646","77,50225068200345"
333,"4,522389713796606","18,785947817340244","77,69166246886313"
334,"4,488743227787474","18,631734825175975","77,87952194703654"
335,"4,455621218473239","18,47853948623845","78,0658392952883"
336,"4,423013942187584","18,326361367661722","78,25062469015069"
337,"4,390911862251451","18,17519983392124","78,4338883038273"
338,"4,359305644212023","18,025054053621457","78,61564030216651"
339,"4,328186151192942","17,875923006104323","78,79589084270273"
340,"4,297544439353413","17,727805487882808","78,97465007276378"
341,"4,267371753453852","17,58070011890354","79,1519281276426"
342,"4,237659522525792","17,434605348642563","79,32773512883165"
343,"4,208399355643751","17,28951946203818","79,50208118231808"
344,"4,1795830377968475","17,1454405852647","79,67497637693846"
345,"4,151202525857946","17,002366691350957","79,8464307827911"
346,"4,1232499446481645","16,86029560564723","80,01645444970461"
347,"4,095717583094605","16,719225011144317","80,18505740576109"
348,"4,068597890479215","16,579152453648263","80,35224965587253"
349,"4,041883472776702","16,440075346814293","80,51804118040901"
350,"4,015567089079477","16,301990977043374","80,68244193387716"
351,"3,989641648107641","16,164896508244777","80,8454618436476"
352,"3,96410020480204","16,02878898646793","81,00711080873005"
353,"3,938935956998481","15,89366534440681","81,16739869859472"
354,"3,91414224218122","15,759522405780004","81,3263353520388"
355,"3,8897125343138677","15,626356889589555","81,4839305760966"
356,"3,8656404407459077","15,49416541426162","81,64019414499249"
357,"3,841919699193046","15,362944501671866","81,79513579913511"
358,"3,818544174789647","15,232690581058545","81,94876524415183"
359,"3,795507857211558","15,103399992826049","82,10109214996241"
360,"3,7728048578676447","14,9750689922417","82,25212614989067"
361,"3,750429407158404","14,847693753028524","82,40187683981308"
362,"3,728375851800051","14,721270370856592","82,55035377734337"
363,"3,706638652212518","14,59579486673556","82,69756648105194"
364,"3,685212379969822","14,4712631903109","82,8435244297193"
365,"3,6640917153113133","14,3476712230663","82,9882370616224"
366,"3,6432714447123242","14,225014781434625","83,13171377385306"
367,"3,622746458512795","14,103289619819808","83,27396392166742"
368,"3,6025117486024656","13,98249143353194","83,41499681786561"
369,"3,582562406161265","13,862615861637822","83,55482173220094"
370,"3,5628936194535585","13,74365848972915","83,69344789081731"
371,"3,5435006716749426","13,625614852610475","83,8308844757146"
372,"3,5243789388503055","13,508480436909007","83,9671406242407"
373,"3,505523887781904","13,392250683608319","84,10222542860978"
374,"3,4869310740462396","13,2769209905079","84,23614793544587"
375,"3,468596140038533","13,162486714610527","84,36891714535095"
376,"3,450514813063639","13,048943174439316","84,50054201249705"
377,"3,4326829034722617","12,9362856522863","84,63103144424144"
378,"3,415096302841356","12,824509396394342","84,7603943007643"
379,"3,3977509821976413","12,713609623074113","84,88863939472824"
380,"3,380642990283155","12,603581518757858","85,01577549095899"
381,"3,363768451861828","12,494420241991607","85,14181130614656"
382,"3,3471235660660597","12,38612092536746","85,26675550856648"
383,"3,3307046047823206","12,278678677397524","85,39061671782015"
384,"3,3145079110748155","12,172088584331053","85,51340350459412"
385,"3,2985298976462736","12,066345711916284","85,63512439043744"
386,"3,2827670453349502","11,961445107108446","85,7557878475566"
387,"3,2672159016469506","11,85738179972536","85,87540229862769"
388,"3,2518730793230053","11,75415080405205","85,99397611662495"
389,"3,236735254938847","11,651747120395688","86,11151762466547"
390,"3,221799167538365","11,550165736592213","86,22803509586943"
391,"3,207061617298728","11,449401629465928","86,34353675323536"
392,"3,1925194642266894","11,349449766243309","86,45803076953001"
393,"3,1781696268853055","11,25030510592226","86,57152526719244"
394,"3,164009081150321","11,151962600598022","86,68402831825166"
395,"3,150034858995493","11,05441719674687","86,79554794425765"
396,"3,136244047306134","10,957663836468761","86,90609211622512"
397,"3,1226337867201908","10,861697458690017","87,01566875458981"
398,"3,109201270496176","10,766513000327132","87,1242857291767"
399,"3,0959437434072923","10,672105397412745","87,23195085917997"
400,"3,082858500661113","10,578469586184797","87,3386719131541"
401,"3,0699428868441805","10,485600504139882","87,44445660901594"
402,"3,0571942948909236","10,39349309105174","87,54931261405734"
403,"3,0446101650762896","10,302142289955857","87,65324754496785"
404,"3,0321879840315127","10,211543048101074","87,75626896786741"
405,"3,019925283782454","10,121690317869122","87,85838439834842"
406,"3,0078196408099593","10,032579057662925","87,95960130152712"
407,"2,995868675131695","9,94420423276456","88,05992709210375"
408,"2,9840700494049424","9,856560816163668","88,1593691344314"
409,"2,9724214680498324","9,76964378935714","88,25793474259304"
410,"2,9609206763925315","9,68344814312087","88,35563118048661"
411,"2,9495654598278813","9,597968878254312","88,45246566191781"
412,"2,938353643001029","9,51320100629862","88,54844535070036"
413,"2,92728308900758","9,429139550229083","88,64357736076335"
414,"2,9163516986118263","9,345779545122546","88,73786875626564"
415,"2,9055574094826104","9,263116038800536","88,83132655171687"
416,"2,894898195446399","9,181144092448742","88,92395771210488"
417,"2,8843720657571463","9,099858781213507","89,01576915302937"
418,"2,8739770643825455","9,019255194775972","89,1067677408415"
419,"2,8637112693062687","8,93932843790449","89,19696029278927"
420,"2,8535727918458105","8,860073630985903","89,28635357716831"
421,"2,84355977598556","8,781485910536295","89,37495431347817"
422,"2,8336703977247346","8,703560429691759","89,46276917258353"
423,"2,8239028644398134","8,626292358679763","89,54980477688045"
424,"2,814255414261132","8,549676885271646","89,63606770046725"
425,"2,8047263154632867","8,473709215216775","89,72156446931997"
426,"2,795313865869028","8,398384572658866","89,80630156147214"
427,"2,7860163922663137","8,323698200534992","89,89028540719873"
428,"2,7768322498382076","8,249645360957748","89,97352238920408"
429,"2,7677598216053223","8,176221335581056","90,05601884281366"
430,"2,758797517880501","8,103421425950067","90,13778105616947"
431,"2,7499437757354515","8,031240953835615","90,21881527042898"
432,"2,7411970584790426","7,959675261553668","90,29912767996733"
433,"2,7325558551469955","7,888719712270179","90,37872443258287"
434,"2,7240186800026875","7,818369690291784","90,45761162970557"
435,"2,715584072048818","7,748620601342736","90,53579532660848"
436,"2,707250594549667","7,67946787282846","90,61328153262191"
437,"2,6990168345637104","7,610906954086132","90,6900762113502"
438,"2,6908814024863337","7,542933316622647","90,76618528089107"
439,"2,682842931602415","7,475542454340339","90,84161461405729"
440,"2,6749000776485454","7,408729883750804","90,91637003860069"
441,"2,6670515183846555","7,3424911441771865","90,9904573374382"
442,"2,659295953174832","7,276821797945238","91,06388224887998"
443,"2,6516321025771092","7,211717430563509","91,13665046685944"
444,"2,6440587079420212","7,147173650892961","91,20876764116507"
445,"2,6365745310197175","7,083186091306336","91,280239377674"
446,"2,6291783535754356","7,019750407837554","91,35107123858705"
447,"2,621868977013143","6,956862280321471","91,42126874266543"
448,"2,6146452220071517","6,894517412524247","91,49083736546865"
449,"2,6075059281415274","6,8327115322646295","91,5597825395939"
450,"2,6004499535571073","6,771440391526403","91,62810965491654"
451,"2,593476174605955","6,710699766562291","91,6958240588318"
452,"2,5865834855130783","6,650485457989545","91,76293105649742"
453,"2,5797707980452445","6,590793290877483","91,82943591107731"
454,"2,5730370411867263","6,531619114827226","91,89534384398608"
455,"2,566381160821826","6,472958804043854","91,96066003513435"
456,"2,5598021194240146","6,414808257401227","92,02538962317479"
457,"2,5532988957515417","6,357163398499688","92,0895377057488"
458,"2,546870484549363","6,30002017571687","92,15310933973379"
459,"2,5405158962572445","6,2433745622518195","92,21610954149095"
460,"2,5342341567239024","6,187222556162644","92,27854328711346"
461,"2,528024306927039","6,131560180397881","92,3404155126751"
462,"2,5218854026991453","6,076383482821796","92,40173111447908"
463,"2,515816514458935","6,021688536233788","92,4624949493073"
464,"2,5098167269482876","5,967471438382098","92,52271183466964"
465,"2,50388513897457","5,913728311971996","92,58238654905345"
466,"2,4980208631582217","5,860455304668624","92,64152383217318"
467,"2,492223025685482","5,807648589094677","92,70012838521987"
468,"2,4864907660661424","5,75530436282307","92,75820487111082"
469,"2,4808232368962178","5,703418848364764","92,81575791473905"
470,"2,4752196036254155","5,651988293151918","92,8727921032227"
471,"2,469679044329308","5,601008969516506","92,92931198615422"
472,"2,464200749486094","5,550477174664556","92,98532207584938"
473,"2,458783921757851","5,500389230646153","93,04082684759602"
474,"2,4534277757761784","5,450741484321363","93,09583073990248"
475,"2,448131537932135","5,401530307322194","93,1503381547457"
476,"2,4428944461703717","5,352752096010734","93,20435345781893"
477,"2,437715749787373","5,3044032714336256","93,25788097877903"
478,"2,432594709233711","5,256480279272952","93,31092501149337"
479,"2,4275305959202256","5,208979589793708","93,3634898142861"
480,"2,422522692028048","5,161897697787948","93,41557961018404"
481,"2,4175702903223772","5,115231122515739","93,46719858716192"
482,"2,412672693969931","5,068976407643028","93,51835089838707"
483,"2,4078292163599913","5,023130121176538","93,5690406624635"
484,"2,4030391809289626","4,977688855395802","93,61927196367526"
485,"2,3983019209883727","4,932649226782433","93,66904885222922"
486,"2,3936167795562326","4,888007875946749","93,71837534449705"
487,"2,3889831091916904","4,843761467551824","93,76725542325651"
488,"2,3844002718329045","4,799906690235091","93,81569303793204"
489,"2,379867638638065","4,756440256527579","93,86369210483439"
490,"2,3753845898295007","4,713358902770868","93,91125650739966"
491,"2,3709505145407967","4,670659389031863","93,95839009642737"
492,"2,366564810666868","4,628338499015474","94,00509669031769"
493,"2,3622268847169177","4,586393039975269","94,05138007530785"
494,"2,3579361516702213","4,544819842622212","94,0972440057076"
495,"2,353692034834678","4,503615761031534","94,14269220413382"
496,"2,349493965708066","4,462777672547831","94,18772836174413"
497,"2,345341383841948","4,422302477688471","94,23235613846961"
498,"2,34123373670817","4,382187100045364","94,2765791632465"
499,"2,337170479567895","4,342428486185185","94,32040103424696"
500,"2,333151075343124","4,303023605548104","94,36382531910881"
501,"2,3291749944906446","4,263969450345103","94,4068555551643"
502,"2,325241714878361","4,225263035453936","94,44949524966775"
503,"2,321350721663957","4,1869013983138","94,49174788002229"
504,"2,3175015071758334","4,148881598818785","94,53361689400542"
505,"2,313693570796286","4,111200719210145","94,57510570999361"
506,"2,3099264188468642","4,073855863967466","94,6162177171857"
507,"2,306199564475873","4,0368441596987825","94,65695627582538"
508,"2,3025125275479703","4,000162755029697","94,69732471742236"
509,"2,2988648345358174","3,9638088204915536","94,73732634497266"
510,"2,295256018413738","3,9277795484087177","94,77696443317757"
511,"2,291685618553347","3,8920721527850213","94,81624222866165"
512,"2,2881531806211055","3,8566838691894123","94,8551629501895"
513,"2,2846582564777647","3,821611954640859","94,89372978888139"
514,"2,281200404079656","3,786853687492559","94,93194590842779"
515,"2,277779187381795","3,7524063673154946","94,96981444530272"
516,"2,2743941762427573","3,7182673147813774","95,00733850897588"
517,"2,271044946331291","3,6844338715450298","95,04452118212369"
518,"2,2677310790346317","3,650903400126239","95,08136552083914"
519,"2,264452161368485","3,617673283791123","95,1178745548404"
520,"2,2612077858886415","3,5847409264330556","95,15405128767831"
521,"2,2579975506041885","3,552103752453178","95,18989869694265"
522,"2,254821058892295","3,5197592066405403","95,22541973446718"
523,"2,251677919414527","3,4877047540519026","95,26061732653359"
524,"2,2485677460346714","3,4559378798912395","95,29549437407411"
525,"2,2454901577380286","3,4244560893889697","95,33005375287303"
526,"2,242444778552156","3,3932569076809527","95,36429831376692"
527,"2,239431237469021","3,362337879687278","95,39823088284373"
528,"2,236449168368547","3,331696569990879","95,43185426164061"
529,"2,2334982099435123","3,301330562716005","95,46517122734052"
530,"2,2305780056257865","3,271237461406571","95,49818453296768"
531,"2,2276882035138685","3,241414888904423","95,53089690758175"
532,"2,2248284563017076","3,21186048722754","95,5633110564708"
533,"2,221998421208775","3,182571917448197","95,59542966134308"
534,"2,219197759911368","3,153546859571122","95,62725538051755"
535,"2,216426138475116","3,1247830124116622","95,65879084911326"
536,"2,2136832272886715","3,09627809347399","95,69003867923738"
537,"2,2109687009985546","3,0680298388293674","95,72100146017212"
538,"2,208282238445136","3,040036002994492","95,75168175856041"
539,"2,2056235225997316","3,0122943588099518","95,78208211859035"
540,"2,2029922405027866","2,984802697318797","95,81220506217845"
541,"2,200388083203133","2,9575588276452627","95,84205308915163"
542,"2,1978107456982925","2,9305605768736505","95,87162867742809"
543,"2,195259926875808","2,9038057899273984","95,90093428319683"
544,"2,1927353294555876","2,877292329448345","95,9299723410961"
545,"2,19023665993323","2,851018075676219","95,95874526439059"
546,"2,1877636285243276","2,824980926328359","95,98725544514735"
547,"2,1853159491097154","2,7991787964796875","96,01550525441064"
548,"2,1828933391816534","2,7736096184429524","96,04349704237544"
549,"2,180495519790925","2,748271341649251","96,07123313855986"
550,"2,1781222154948314","2,723161932528852","96,09871585197635"
551,"2,1757731543060665","2,6982793743923286","96,12594747130164"
552,"2,1734480676424544","2,6736216673120174","96,15293026504557"
553,"2,171146690277533","2,6491868280038187","96,17966648171868"
554,"2,16886876029197","2,6249728897093436","96,20615834999872"
555,"2,1666140190257903","2,60097790207843","96,23240807889582"
556,"2,1643822110314064","2,5771999310520295","96,2584178579166"
557,"2,16217308402743","2,5536370587454855","96,28418985722712"
558,"2,159986388853254","2,530287383332207","96,30972622781458"
559,"2,1578218794243886","2,50714901892775","96,3350291016479"
560,"2,155679312688539","2,484220095474322","96,36010059183718"
561,"2,153558448582409","2,461498758625709","96,38494279279192"
562,"2,1514590499892154","2,4389831696326456","96,40955778037818"
563,"2,1493808826969074","2,4166715052286274","96,4339476120745"
564,"2,147323715357067","2,3945619575161814","96,4581143271268"
565,"2,145287319444486","2,3726527338536005","96,48205994670195"
566,"2,1432714692174044","2,3509420567421464","96,50578647404049"
567,"2,141275941678395","2,329428163713734","96,52929589460791"
568,"2,1393005165358887","2,308109307219103","96,55259017624505"
569,"2,137344976166322","2,2869837545164784","96,57567126931724"
570,"2,1354091055769002","2,2660497875607355","96,5985411068624"
571,"2,1334926923689603","2,245305702893068","96,621201604738"
572,"2,1315955267019278","2,22474981153117","96,64365466176693"
573,"2,129717401257852","2,2043804388599337","96,66590215988224"
574,"2,1278581112065127","2,184195924522674","96,68794596427084"
575,"2,126017454171083","2,164194622312877","96,70978792351606"
576,"2,124195230194346","2,144374900066485","96,73142986973919"
577,"2,122391241705447","2,124735139554719","96,75287361873986"
578,"2,1206052934871757","2,1052737363774434","96,7741209701354"
579,"2,118837192643769","2,0859890998570756","96,79517370749917"
580,"2,117086748569224","2,06687965293305","96,81603359849774"
581,"2,1153537729161105","2,047943832056833","96,83670239502707"
582,"2,113638079564878","2,029180087087497","96,85718183334764"
583,"2,1119394845936452","2,010586881187855","96,87747363421852"
584,"2,1102578062484625","1,9921626907211594","96,8975795030304"
585,"2,108592864914042","1,9739060051483681","96,9175011299376"
586,"2,106944483084946","1,9558153269259801","96,93724018998908"
587,"2,1053124853372234","1,937889171404443","96,95679834325834"
588,"2,103696698300488","1,9201260667271343","96,97617723497238"
589,"2,102096950630431","1,9025245537299202","96,99537849563966"
590,"2,1005130729817596","1,8850831858412924","97,01440374117695"
591,"2,0989448979815544","1,8678005289830846","97,03325457303536"
592,"2,097392260203037","1,8506751614717711","97,0519325783252"
593,"2,0958549961397415","1,8337056739203488","97,07043932993992"
594,"2,0943329441800835","1,816890669140803","97,08877638667911"
595,"2,092825944582319","1,8002287620471593","97,10694529337053"
596,"2,0913338394498853","1,7837185795591217","97,124947580991"
597,"2,089856472707118","1,7673587605062977","97,14278476678659"
598,"2,08839369007534","1,751147955533013","97,16045835439165"
599,"2,086945339049311","1,7350848270037118","97,17796983394697"
600,"2,0855112688740354","1,7191680489089503","97,19532068221702"
601,"2,0840913305219213","1,7033963067719748","97,21251236270611"
602,"2,082685376670283","1,6877682975558934","97,22954632577382"
603,"2,0812932616791833","1,6722827295714344","97,24642400874939"
604,"2,0799148415696074","1,6569383223852963","97,2631468360451"
605,"2,078549974001966","1,6417338067290848","97,27971621926895"
606,"2,0771985182549186","1,6266679244088413","97,29613355733623"
607,"2,0758603352045126","1,6117394282151587","97,31240023658032"
608,"2,0745352873036347","1,5969470818338851","97,32851763086246"
609,"2,073223238561765","1,5822896597574159","97,3444871016808"
610,"2,0719240545250344","1,5677659471965724","97,36030999827837"
611,"2,0706376022565744","1,5533747399930669","97,37598765775033"
612,"2,0693637503171587","1,5391148445325522","97,39152140515026"
613,"2,068102368746129","1,5249850776582567","97,40691255359559"
614,"2,066853329042601","1,5109842665852018","97,42216240437217"
615,"2,0656165041469485","1,4971112488150022","97,43727224703802"
616,"2,064391768422554","1,483364872051247","97,45224335952618"
617,"2,0631789976378294","1,469743994115459","97,46707700824669"
618,"2,0619780689484974","1,4562474828636365","97,48177444818785"
619,"2,060788860880131","1,442874216103367","97,49633692301649"
620,"2,059611253310944","1,4296230815115203","97,51076566517752"
621,"2,0584451274548354","1,4164929765525138","97,52506189599264"
622,"2,0572903658446737","1,4034828083971504","97,53922682575816"
623,"2,0561468523158246","1,390591493842028","97,55326165384213"
624,"2,0550144719899155","1,377817959229517","97,56716756878055"
625,"2,053893111258833","1,3651611403683048","97,58094574837284"
626,"2,0527826577689474","1,352619982454507","97,59459735977653"
627,"2,0516830004055673","1,340193439993342","97,60812355960107"
628,"2,0505940292776113","1,3278804767213648","97,621525494001"
629,"2,0495156357024986","1,3156800655292638","97,63480429876822"
630,"2,0484477121912574","1,3035911883852125","97,64796109942351"
631,"2,0473901524338394","1,2916128362587784","97,66099701130736"
632,"2,046342851284646","1,279744009045384","97,67391313966995"
633,"2,045305704748256","1,26798371549132","97,6867105797604"
634,"2,0442786099653563","1,2563309731193066","97,69939041691532"
635,"2,043261465198867","1,2447848081546027","97,71195372664651"
636,"2,042254169820266","1,2333442554516576","97,72440157472806"
637,"2,0412566242961","1,2220083584213075","97,73673501728258"
638,"2,040268730174685","1,2107761689585095","97,7489551008668"
639,"2,039290390072995","1,1996467473706143","97,76106286255639"
640,"2,0383215076637295","1,1886191623061737","97,7730593300301"
641,"2,0373619876625613","1,1776924906842803","97,78494552165316"
642,"2,036411735815561","1,1668658176244378","97,79672244656"
643,"2,035470658886796","1,1561382363769586","97,80839110473624"
644,"2,034538664646098","1,1455088482538869","97,81995248710001"
645,"2,0336156618570023","1,1349767625604439","97,83140757558255"
646,"2,032701560264849","1,1245410965269926","97,84275734320815"
647,"2,0317962705850503","1,1142009752415216","97,85400275417342"
648,"2,0308997044915147","1,1039555315826421","97,86514476392584"
649,"2,0300117746052324","1,093803906153098","97,87618431924167"
650,"2,0291323944830144","1,0837452472137847","97,8871223583032"
651,"2,0282614786063853","1,0737787106182761","97,89795981077533"
652,"2,027398942370625","1,0639034597478538","97,90869759788151"
653,"2,0265447020739606","1,0541186654470396","97,91933663247899"
654,"2,0256986749069035","1,044423505959626","97,92987781913345"
655,"2,0248607789417297","1,0348171668652035","97,94032205419305"
656,"2,0240309331221016","1,0252988410161796","97,9506702258617"
657,"2,02320905725283","1,0158677284752895","97,96092321427186"
658,"2,022395071989772","1,0065230364535949","97,97108189155661"
659,"2,021588898829864","0,9972639792489669","97,98114712192114"
660,"2,0207904601012885","0,9880897781850526","97,99111976171363"
661,"2,0199996789537717","0,9789996615507189","98,00100065949549"
662,"2,019216479349008","0,9699928645399755","98,010790656111"
663,"2,018440786051214","0,9610686291923698","98,0204905847564"
664,"2,0176725246178053","0,9522262043338544","98,03010127104832"
665,"2,016911621390199","0,943464845518122","98,03962353309166"
666,"2,0161580034847346","0,9347838149684056","98,04905818154684"
667,"2,015411598783714","0,9261823815197419","98,05840601969652"
668,"2,014672335926564","0,9176598205616945","98,06766784351171"
669,"2,013940144301108","0,9092154139815338","98,07684444171733"
670,"2,0132149540349555","0,9008484501078708","98,08593659585715"
671,"2,0124966959870045","0,8925582236547431","98,09494508035823"
672,"2,0117853017390517","0,8843440356661487","98,10387066259477"
673,"2,0110807035875133","0,8762051934610253","98,11271410295143"
674,"2,010382834535255","0,8681410105786735","98,12147615488604"
675,"2,009691628283523","0,8601508067246189","98,13015756499182"
676,"2,009007019223984","0,8522339077169117","98,13875907305906"
677,"2,008328942430866","0,8443896454328609","98,14728141213624"
678,"2,007657333653198","0,8366173577562003","98,15572530859056"
679,"2,006992129307154","0,8289163885246822","98,16409148216812"
680,"2,006333266468492","0,8212860874780978","98,17238064605337"
681,"2,005680682865088","0,8137258102067209","98,18059350692815"
682,"2,005034316869571","0,8062349181001706","98,18873076503021"
683,"2,0043941074920464","0,7988127782966934","98,19679311421122"
684,"2,0037599943729147","0,7914587636328579","98,20478124199418"
685,"2,003131917775781","0,7841722525936634","98,21269582963052"
686,"2,0025098185804526","0,7769526292630553","98,22053755215646"
687,"2,0018936382760284","0,769799283274849","98,22830707844909"
688,"2,001283318954073","0,7627116097640559","98,23600507128184"
689,"2,0006788033018776","0,7556890093186108","98,24363218737948"
690,"2,0000800345958054","0,7487308879314967","98,25118907747266"
691,"1,9994869566947215","0,7418366569532657","98,25867638635198"
692,"1,9988995140335033","0,7350057330449513","98,26609475292152"
693,"1,9983176516166339","0,7282375381313713","98,27344481025197"
694,"1,9977413150118744","0,7215314993548171","98,28072718563328"
695,"1,9971704503440155","0,7148870490291277","98,28794250062683"
696,"1,9966050042887067","0,7083036245941452","98,29509137111712"
697,"1,996044924066362","0,7017806685705485","98,30217440736307"
698,"1,995490157436141","0,6953176285150641","98,30919221404878"
699,"1,9949406526900049","0,6889139569760495","98,31614539033393"
700,"1,9943963586468456","0,6825691114494483","98,3230345299037"
701,"1,9938572246466875","0,6762825543351121","98,3298602210182"
702,"1,9933232005449593","0,6700537528934891","98,33662304656154"
703,"1,9927942367068385","0,663882179202675","98,34332358409047"
704,"1,9922702840016633","0,6577673101158235","98,3499624058825"
705,"1,9917512937974131","0,6517086272189153","98,35654007898366"
706,"1,9912372179552578","0,6457056167888815","98,36305716525584"
707,"1,9907280088241714","0,6397577697520789","98,36951422142373"
708,"1,9902236192356138","0,6338645816431159","98,37591179912125"
709,"1,9897240024982739","0,6280255525640245","98,38225044493768"
710,"1,9892291123928802","0,6222401871437778","98,38853070046332"
711,"1,9887389031670715","0,6165079944981489","98,39475310233476"
712,"1,9882533295303302","0,6108284881899088","98,40091818227974"
713,"1,9877723466489774","0,6052011861893624","98,40702646716164"
714,"1,9872959101412284","0,5996256108352178","98,41307847902354"
715,"1,986823976072306","0,5941012887957879","98,41907473513189"
716,"1,9863565009496151","0,5886277510305211","98,42501574801985"
717,"1,985893441717972","0,583204532751859","98,43090202553014"
718,"1,9854347557548941","0,5778311733874185","98,43673407085767"
719,"1,9849804008659429","0,5725072165424956","98,44251238259154"
720,"1,9845303352801245","0,5672322099628889","98,44823745475696"
