step,"Flow: (dynamic) S -> I, 
inducing by: I, ","Flow: (0.001) I -> R, 
 not inducing"
0,"0,0","0,001"
1,"0,0","0,000999"
2,"0,00011917023474031525","0,000998001"
3,"0,00023742874283358921","0,0009971221692347404"
4,"0,00035481938954837184","0,0009963624758083391"
5,"0,00047138507988742285","0,0009957209327220791"
6,"0,000587167790604248","0,0009951965968692446"
7,"0,000702208601105197","0,0009947885680629796"
8,"0,0008165477232756017","0,0009944959880960216"
9,"0,000930224530266883","0,0009943180398312014"
10,"0,0010432775842800653","0,000994253946321637"
11,"0,0011557446633797099","0,0009943029699595954"
12,"0,0012676627873709004","0,0009944644116530155"
13,"0,0013790682427705914","0,0009947376100287334"
14,"0,001489996606903374","0,0009951219406614752"
15,"0,0016004827711504801","0,0009956168153277172"
16,"0,0017105609633796823","0,00099622168128354"
17,"0,001820264769582619","0,0009969360205656361"
18,"0,0019296271547449948","0,0009977593493146531"
19,"0,002038680482974061","0,0009986912171200835"
20,"0,0021474565369067854","0,0009997312063859374"
21,"0,0022559865364211546","0,0010008789317164583"
22,"0,0023643011566721298","0,001002134039321163"
23,"0,002472430545472885","0,001003496206438514"
24,"0,0025804043400411134","0,0010049651407775485"
25,"0,002688251683129329","0,001006540579976812"
26,"0,0027960012385573564","0,0010082222910799644"
27,"0,0029036812061643755","0,0010100100700274417"
28,"0,003011319336197208","0,0010119037411635788"
29,"0,0031189429431507866","0,0010139031567586124"
30,"0,003226578919076108","0,0010160081965450045"
31,"0,0033342537463702704","0,0010182187672675357"
32,"0,0034419935100626106","0,0010205348022466385"
33,"0,0035498239096103186","0,0010229562609544544"
34,"0,0036577702702163604","0,0010254831286031104"
35,"0,0037658575536819064","0,0010281154157447234"
36,"0,0038741103688050217","0,0010308531578826605"
37,"0,003982552981336776","0,0010336964150935827"
38,"0,00409120932350545","0,001036645271659826"
39,"0,004200103003119045","0,0010396998357116716"
40,"0,004309257312255839","0,0010428602388790791"
41,"0,004418695235552241","0,001046126635952456"
42,"0,0045284394580968525","0,0010494992045520558"
43,"0,004638512372939096","0,0010529781448056007"
44,"0,004748936088220527","0,0010565636790337341"
45,"0,0048597324339364235","0,0010602560514429208"
46,"0,004970922968334972","0,001064055527825414"
47,"0,005082528983960941","0,0010679623952659237"
48,"0,005194571513350425","0,0010719769618546186"
49,"0,0053070713343829545","0,0010760995564061144"
50,"0,005420048975296831","0,0010803305281840913"
51,"0,00553352471937334","0,0010846702466312042"
52,"0,005647518609295189","0,0010891191011039463"
53,"0,005762050451184181","0,0010936775006121376"
54,"0,005877139818322915","0,0010983458735627097"
55,"0,005992806054564999","0,0011031246675074697"
56,"0,00610906827743809","0,0011080143488945272"
57,"0,0062259453809436725","0,0011130154028230709"
58,"0,006343456038057491","0,0011181283328011913"
59,"0,006461618702934072","0,0011233536605064476"
60,"0,006580451612818778","0,0011286919255488752"
61,"0,006699972789670487","0,0011341436852361452"
62,"0,006820200041497871","0,0011397095143405793"
63,"0,006941150963412022","0,0011453900048677367"
64,"0,007062842938398027","0,001151185765826281"
65,"0,007185293137807893","0,001157097422998853"
66,"0,007308518521577097","0,0011631256187136618"
67,"0,007432535838166838","0,0011692710116165252"
68,"0,007557361624233992","0,0011755342764430757"
69,"0,007683012204030523","0,0011819161037908666"
70,"0,00780950368853411","0,0011884171998911063"
71,"0,007936851974311522","0,0011950382863797494"
72,"0,00806507274211618","0,001201780100067681"
73,"0,00819418145522131","0,0012086433927097297"
74,"0,008324193357489865","0,0012156289307722412"
75,"0,008455123471182407","0,0012227374951989587"
76,"0,008586986594504025","0,0012299698811749423"
77,"0,00871979729889127","0,0012373268978882715"
78,"0,008853569926039976","0,0012448093682892744"
79,"0,00898831858467494","0,0012524181288470252"
80,"0,009124057147062136","0,0012601540293028528"
81,"0,009260799245264273","0,001268017932420612"
82,"0,009398558267140396","0,0012760107137334555"
83,"0,009537347352090213","0,0012841332612868624"
84,"0,009677179386543732","0,0012923864753776656"
85,"0,009818066999196904","0,0013007712682888315"
86,"0,009960022555993812","0,0013092885640197396"
87,"0,010103058154856044","0,0013179392980117136"
88,"0,010247185620159834","0,001326724416868558"
89,"0,01039241649696155","0,0013356448780718492"
90,"0,010538762044972182","0,0013447016496907387"
91,"0,010686233232281454","0,00135389571008602"
92,"0,010834840728832208","0,0013632280476082155"
93,"0,010984594899645782","0,0013726996602894395"
94,"0,011135505797799105","0,001382311555528796"
95,"0,011287583157154328","0,0013920647497710663"
96,"0,011440836384841828","0,0014019602681784496"
97,"0,011595274553497457","0,0014119991442951127"
98,"0,01175090639325513","0,0014221824197043153"
99,"0,01190774028349568","0,0014325111436778659"
100,"0,01206578424435322","0,0014429863728176837"
101,"0,012225045927980285","0,0014536091706892193"
102,"0,012385532609572984","0,0014643806074465106"
103,"0,012547251178157736","0,0014753017594486368"
104,"0,012710208127141147","0,001486373708867346"
105,"0,012874409544624621","0,0014975975432856197"
106,"0,013039861103485723","0,0015089743552869589"
107,"0,01320656805122808","0,0015205052420351574"
108,"0,013374535199602109","0,0015321913048443505"
109,"0,013543766913998709","0,0015440336487391084"
110,"0,013714267102618426","0,0015560333820043679"
111,"0,013886039205418801","0,001568191615724982"
112,"0,01405908618284243","0,0015805094633146758"
113,"0,014233410504329037","0,0015929880400342034"
114,"0,014409014136614513","0,0016056284624984983"
115,"0,014585898531820383","0,0016184318481726142"
116,"0,014764064615337295","0,001631399314856262"
117,"0,014943512773506383","0,001644531980156743"
118,"0,01512424284110237","0,0016578309609500926"
119,"0,015306254088622961","0,001671297372830245"
120,"0,015489545209388807","0,0016849323295460375"
121,"0,015674114306458885","0,0016987369424258803"
122,"0,015859958879366375","0,0017127123197899132"
123,"0,01604707581068023","0,0017268595663494897"
124,"0,016235461352398086","0,0017411797825938205"
125,"0,016425111112176254","0,0017556740641636245"
126,"0,01661602003940307","0,0017703435012116373"
127,"0,016808182411121853","0,0017851891777498285"
128,"0,01700159181781035","0,0018002121709832007"
129,"0,017196241149023614","0,0018154135506300278"
130,"0,017392122578907657","0,0018307943782284214"
131,"0,017589227551591664","0,0018463557064291006"
132,"0,01778754676646658","0,0018620985782742633"
133,"0,01798707016335857","0,0018780240264624555"
134,"0,018187786907605964","0,0018941330725993518"
135,"0,018389685375048617","0,0019104267264343582"
136,"0,018592753136939248","0,0019269059850829727"
137,"0,018796976944786267","0,0019435718322348289"
138,"0,01900234271513833","0,00196042523734738"
139,"0,019208835514321006","0,001977467154825171"
140,"0,019416439543136346","0,0019946985231846666"
141,"0,019625138121536635","0,0020121202642046187"
142,"0,019834913673283792","0,0020297332820619503"
143,"0,020045747710606483","0,002047538462453172"
144,"0,0202576208188671","0,0020655366717013254"
145,"0,020470512641251572","0,0020837287558484914"
146,"0,020684401863494854","0,0021021155397338946"
147,"0,02089926619865572","0,0021206978260576554"
148,"0,021115082371954752","0,0021394763944302536"
149,"0,021331826105689747","0,002158452000407778"
150,"0,021549472104243145","0,0021776253745130598"
151,"0,02176799403919666","0,0021969972212427897"
152,"0,021987364534568406","0,0022165682180607434"
153,"0,022207555152188422","0,002236339014377251"
154,"0,022428536377228765","0,0022563102305150624"
155,"0,02265027760390476","0,002276482456661776"
156,"0,02287274712136432","0,002296856251809019"
157,"0,02309591209978276","0,0023174321426785746"
158,"0,023319738576680647","0,0023382106226356785"
159,"0,02354419144348296","0,0023591921505897234"
160,"0,023769234432337704","0,0023803771498826167"
161,"0,02399483010321302","0,002401766007165072"
162,"0,024220939831291602","0,0024233590712611198"
163,"0,02444752379468214","0,00244515665202115"
164,"0,02467454096246731","0,0024671590191638116"
165,"0,024901949083108495","0,002489366401107115"
166,"0,025129704673227612","0,0025117789837891167"
167,"0,02535776300678661","0,002534396909478555"
168,"0,025586078104685727","0,002557220275575863"
169,"0,025814602724801492","0,002580249133404973"
170,"0,02604328835248616","0,0026034834869963696"
171,"0,026272085191550127","0,00262692329186186"
172,"0,026500942155749156","0,002650568453761548"
173,"0,026729806860798764","0,0026744188274635356"
174,"0,026958625616937796","0,0026984742154968705"
175,"0,027187343422063838","0,0027227343668983117"
176,"0,02741590395546297","0,002747198975953477"
177,"0,027644249572156613","0,002771867680932987"
178,"0,027872321297888348","0,0027967400628242105"
179,"0,028100058824773625","0,0028218156440592743"
180,"0,02832740050763526","0,0028470938872399887"
181,"0,028554283361047927","0,002872574193860384"
182,"0,028780643057114457","0,0028982559030275717"
183,"0,029006413923997255","0,0029241382901816584"
184,"0,02923152894522751","0,002950220565815474"
185,"0,029455919759815458","0,0029765018741948856"
186,"0,029679516663184264","0,003002981292080506"
187,"0,029902248608950487","0,00302965782745161"
188,"0,03012404321157349","0,003056530418233109"
189,"0,030344826749896362","0,0030835979310264495"
190,"0,03056452417160053","0,0031108591598453194"
191,"0,030783059098595945","0,0031383128248570744"
192,"0,031000353833368646","0,0031659575711308133"
193,"0,031216329366306965","0,0031937919673930507"
194,"0,031430905384027555","0,0032218145047919647"
195,"0,031644000278722086","0,0032500235956712"
196,"0,03185553115854437","0,003278417572354251"
197,"0,032065413859058554","0,003306994685940441"
198,"0,03227356295576716","0,003335753105113559"
199,"0,03247989177773822","0,0033646909149642125"
200,"0,0326843124223498","0,0033938061158269865"
201,"0,032886735771169705","0,0034230966221335092"
202,"0,03308707150698756","0,0034525602612825454"
203,"0,03328522813201599","0,0034821947725282507"
204,"0,033481112987276546","0,0035119978058877383"
205,"0,033674632273185845","0,0035419669210691273"
206,"0,03386569107135613","0,0035720995864212436"
207,"0,03405419336762419","0,0036023931779061787"
208,"0,034240042076321225","0,003632844978095897"
209,"0,03442313906579589","0,003663452175194122"
210,"0,034603385185201674","0,0036942118620847237"
211,"0,03478068029255864","0,003725121035407841"
212,"0,034954923284099056","0,003756176594664992"
213,"0,035126012124905126","0,0037873753413544256"
214,"0,0352938438808461","0,0038187139781379765"
215,"0,03545831475182113","0,0038501891080406844"
216,"0,03561932010631303","0,0038817972336844648"
217,"0,035776754517256926","0,003913534756557094"
218,"0,035930511799227155","0,003945397976317793"
219,"0,03608048504694368","0,003977383090140702"
220,"0,03622656667509918","0,004009486192097505"
221,"0,036368648459506006","0,0040417032725805066"
222,"0,036506621579561235","0,004074030217767432"
223,"0,03664037666202685","0,004106462809129226"
224,"0,036769803826120724","0,0041389967229821245"
225,"0,03689479272991273","0,004171627530085264"
226,"0,03701523261801927","0,004204350695285092"
227,"0,037131012370587635","0,004237161577207826"
228,"0,037242020553561045","0,0042700554280012066"
229,"0,03734814547021305","0,0043030273931267665"
230,"0,037449275213939134","0,0043360725112038525"
231,"0,03754529772229195","0,004369185713906588"
232,"0,03763610083224475","0,004402361825914973"
233,"0,03772157233666703","0,004435595564921303"
234,"0,0378016000419939","0,004468881541693049"
235,"0,037876071827070486","0,00450221426019335"
236,"0,03794487570315019","0,004535588117760227"
237,"0,03800789987502492","0,004568997405345617"
238,"0,03806503280326379","0,004602436307815296"
239,"0,03811616326753525","0,004635898904310745"
240,"0,038161180430986374","0,004669379168673969"
241,"0,03819997390565168","0,004702870969936281"
242,"0,0382324338188622","0,004736368072871997"
243,"0,03825845088062462","0,004769864138617987"
244,"0,038277916451938385","0,004803352725359994"
245,"0,03829072261401791","0,0048368272890865725"
246,"0,038296762238385136","0,004870281184411504"
247,"0,03829592905779693","0,004903707665465478"
248,"0,0382881177379701","0,00493709988685781"
249,"0,03827322395006586","0,004970450904708922"
250,"0,03825114444389406","0,005003753677754279"
251,"0,03822177712179653","0,005037001068520418"
252,"0,038185021113167614","0,0050701858445736945"
253,"0,03814077684956883","0,005103300679842288"
254,"0,03808894614039341","0,005136338156012016"
255,"0,03802943224903555","0,005169290763996397"
256,"0,037962139969517986","0,005202150905481436"
257,"0,03788697570353058","0,005234910894545473"
258,"0,03780384753783165","0,005267562959354458"
259,"0,03771266532196267","0,005300099243932935"
260,"0,03761334074622651","0,005332511810010964"
261,"0,037505787419877805","0,005364792638947179"
262,"0,0373899209494739","0,0053969336337281095"
263,"0,03726565901733374","0,005428926621043856"
264,"0,03713292146005143","0,005460763353440146"
265,"0,036991630347010196","0,005492435511546757"
266,"0,03684171005884255","0,00552393470638222"
267,"0,03668308736578077","0,005555252481734681"
268,"0,03651569150584254","0,005586380316618727"
269,"0,036339454262795015","0,0056173096278079515"
270,"0,03615431004384055","0,005648031772442939"
271,"0,03596019595696705","0,005678538050714336"
272,"0,03575705188790513","0,005708819708620588"
273,"0,03554482057663434","0,005738867940799873"
274,"0,0353234476933802","0,005768673893435707"
275,"0,03509288191404342","0,005798228667235651"
276,"0,03485307499500281","0,0058275233204824585"
277,"0,03460398184723307","0,00585654887215698"
278,"0,03434556060967842","0,005885296305132056"
279,"0,034077772721822934","0,005913756569436603"
280,"0,03380058299539884","0,0059419205855889895"
281,"0,033513959685173435","0,005969779247998799"
282,"0,03321787455875563","0,005997323428435974"
283,"0,032912302965363315","0,006024543979566294"
284,"0,032597223903492456","0,0060514317385520905"
285,"0,03227262008742946","0,006077977530717031"
286,"0,03193847801254806","0,006104172173273743"
287,"0,031594788019332486","0,006130006479113018"
288,"0,031241544356068882","0,006155471260653237"
289,"0,030878745240146842","0,006180557333748653"
290,"0,03050639291791382","0,006205255521655051"
291,"0,030124493723025093","0,00622955665905131"
292,"0,029733058133232022","0,006253451596115283"
293,"0,029332100825552557","0,0062769312026524"
294,"0,02892164072976724","0,0062999863722753005"
295,"0,028501701080185366","0,006322608026632792"
296,"0,02807230946562546","0,006344787119686344"
297,"0,027633497877555358","0,006366514642032284"
298,"0,027185302756337078","0,006387781625267807"
299,"0,026727765035522596","0,006408579146398876"
300,"0,02626093018414651","0,006428898332287999"
301,"0,0257898166167712","0,006448730364139858"
302,"0,025319519572708754","0,006468071450392489"
303,"0,024850210673187045","0,006486922898514806"
304,"0,02438205894976409","0,0065052861862894785"
305,"0,023915230793779677","0,006523162959052953"
306,"0,02344988990900779","0,0065405550268876796"
307,"0,022986197267471566","0,0065574643617698"
308,"0,022524311068380633","0,006573893094675502"
309,"0,022064386700148868","0,006589843512649206"
310,"0,021606576705448542","0,006605318055836706"
311,"0,021151030749255288","0,0066203193144863184"
312,"0,020697895589836885","0,006634850025921087"
313,"0,02024731505263718","0,006648913071485003"
314,"0,019799430007005403","0,006662511473466155"
315,"0,019354378345719774","0,006675648391999694"
316,"0,01891229496725326","0,0066883271219534135"
317,"0,018473311760728393","0,006700551089798714"
318,"0,018037557593507208","0,006712323850469644"
319,"0,0176051583013614","0,006723649084212681"
320,"0,017176236681167346","0,0067345305934298294"
321,"0,01675091248606991","0,006744972299517567"
322,"0,01632930242305849","0,006754978239704119"
323,"0,01591152015289834","0,006764552563887474"
324,"0,015497676292359772","0,0067736995314764846"
325,"0,01508787841868782","0,006782423508237368"
326,"0,014682231076254415","0,006790728963147818"
327,"0,014280835785335387","0,006798620465260924"
328,"0,013883791052954172","0,006806102680580999"
329,"0,013491192385734438","0,0068131803689533725"
330,"0,013103132304703783","0,006819858380970154"
331,"0,012719700361990738","0,006826141654893887"
332,"0,01234098315935767","0,0068320352136009834"
333,"0,011967064368512177","0,00683754416154674"
334,"0,011598024753140214","0,006842673681753705"
335,"0,011233942192604117","0,006847429032825092"
336,"0,010874891707249501","0,006851815545984871"
337,"0,010520945485265037","0,006855838622146136"
338,"0,010172172911039916","0,006859503729009255"
339,"0,009828640594964203","0,006862816398191286"
340,"0,00949041240461775","0,0068657822223880585"
341,"0,009157549497293978","0,006868406852570288"
342,"0,008830110353805569","0,006870695995215012"
343,"0,008508150813519574","0,0068726554095736025"
344,"0,008191724110570226","0,006874290904977549"
345,"0,007880880911198405","0,006875608338183142"
346,"0,0075756693521675","0,006876613610756157"
347,"0,0072761350802060185","0,006877312666497568"
348,"0,006982321292428271","0,006877711488911277"
349,"0,0066942687776850515","0,006877816098714793"
350,"0,006412015958797235","0,006877632551393763"
351,"0,006135598935625804","0,006877166934801167"
352,"0,00586505152893299","0,006876425366801991"
353,"0,005600405324989771","0,006875413992964122"
354,"0,005341689720886055","0,006874138984296147"
355,"0,005088931970500609","0,006872606535032738"
356,"0,004842157231088869","0,006870822860468206"
357,"0,004601388610447582","0,006868794194838827"
358,"0,004366647214616094","0,006866526789254436"
359,"0,00413795219607521","0,006864026909679797"
360,"0,0039153208024053565","0,006861300834966192"
361,"0,003698768425366753","0,006858354854933631"
362,"0,0034883086503652992","0,006855195268504065"
363,"0,0032839533062688883","0,006851828381885926"
364,"0,003085712515539603","0,006848260506810309"
365,"0,002893594744648604","0,006844497958819038"
366,"0,002707606854741134","0,006840547055604868"
367,"0,0025277541525203003","0,006836414115404003"
368,"0,0023540404413191158","0,00683210545544112"
369,"0,0021864680723314134","0,006827627390426998"
370,"0,002025037995973094","0,0068229862311089025"
371,"0,001869749813346357","0,006818188282873766"
372,"0,0017206018277803067","0,00681323984440424"
373,"0,001577591096422548","0,006808147206387616"
374,"0,0014407134818572574","0,00680291665027765"
375,"0,0013099637037262666","0,00679755444710923"
376,"0,0011853353903306292","0,006792066856365847"
377,"0,0010668211301912323","0,006786460124899812"
378,"0,0009544125235478745","0,006780740485905104"
379,"0,000848100233777391","0,006774914157942746"
380,"0,0007478740387122217","0,00676898734401858"
381,"0,0006537228818419122","0,006762966230713274"
382,"0,0005656349233810282","0,006756856987364402"
383,"0,0004835975911878313","0,00675066576530042"
384,"0,0004075976315192483","0,006744398697126308"
385,"0,0003376211596083","0,0067380618960607005"
386,"0,00027365371005162265","0,006731661455324248"
387,"0,0002156802869951145","0,006725203447578975"
388,"0,00016368541410716067","0,006718693924418391"
389,"0,00011765318432960569","0,00671213891590808"
390,"7,756730939765459e-05","0,0067055444301765"
391,"4,341116912085975e-05","0,0066989164530557215"
392,"1,5167860418202895e-05","0,006692260947771787"
393,"-7,1797538986208156e-06","0,006685583854684433"
394,"-2,3648996598881695e-05","0,006678891091075849"
395,"-3,425732776746466e-05","0,006672188550988174"
396,"-3,902229680385781e-05","0,006665482105109419"
397,"-3,796149468761668e-05","0,006658777600707506"
398,"-3,1092506511783735e-05","0,006652080861612111"
399,"-1,843286428473949e-05","0,006645397688243987"
400,"-2,6468190848178203e-18","0,006638733857691459"
401,"2,4188801027232296e-05","0,006632095123833767"
402,"5,411644655911692e-05","0,00662548721751096"
403,"8,976608357274574e-05","0,006618915846740008"
404,"0,00013112114414030518","0,0066123866969768404"
405,"0,00017816539105657835","0,006605905431424004"
406,"0,0002308829632195222","0,006599477691383637"
407,"0,00028925842077050804","0,0065931090966554725"
408,"0,0003532767900014624","0,006586805245979587"
409,"0,0004229236080373366","0,006580571717523609"
410,"0,000498184967302978","0,006574414069414123"
411,"0,0005790475597841449","0,006568337840312011"
412,"0,0006654987210937053","0,006562348550031484"
413,"0,0007575264743543995","0,006556451700202546"
414,"0,000855119573910662","0,006550652774976698"
415,"0,0009582675488827383","0,006544957241775631"
416,"0,0010669607465771508","0,006539370552082738"
417,"0,0011811903757683391","0,006533898142277232"
418,"0,0013009485498671918","0,006528545434510724"
419,"0,0014262283299928988","0,006523317837626081"
420,"0,0015570237679654435","0,006518220748118447"
421,"0,001693329949236788","0,006513259551138295"
422,"0,001835143035779644","0,006508439621536394"
423,"0,0019824603089534337","0,006503766324950637"
424,"0,002135280212368017","0,00649924501893464"
425,"0,0022936023947663343","0,006494881054128073"
426,"0,002457427752948103","0,006490679775468711"
427,"0,00262675847475727","0,00648664652344619"
428,"0,0028015980821570344","0,006482786635397501"
429,"0,0029819514744167004","0,00647910544684426"
430,"0,0031678249714356707","0,006475608292871833"
431,"0,003359226357230537","0,006472300509550396"
432,"0,0035561649236121","0,0064691874353980765"
433,"0,0037586515140799128","0,006466274412886291"
434,"0,003966698567962764","0,006463566789987484"
435,"0,004180320164834238","0,006461069921765459"
436,"0,004399532069233547","0,006458789172008528"
437,"0,004624351775722196","0,006456729914905752"
438,"0,004854798554308408","0,006454897536766569"
439,"0,00509089349627154","0,006453297437784111"
440,"0,005332659560419999","0,006451935033842599"
441,"0,005580121619816587","0,006450815758369176"
442,"0,005833306509006424","0,006449945064230623"
443,"0,006092243071783174","0,006449328425675399"
444,"0,006356962209530272","0,0064489713403215075"
445,"0,00662749693017476","0,006448879331190716"
446,"0,00690388239779204","0,0064490579487897"
447,"0,00718615598290097","0,006449512773238702"
448,"0,007474357313489456","0,006450249416448364"
449,"0,00776852832681159","0,006451273524345405"
450,"0,008068713321998487","0,006452590779147871"
451,"0,008374959013525609","0,006454206901690722"
452,"0,008687314585580634","0,006456127653802555"
453,"0,009005831747376498","0,0064583588407343346"
454,"0,009330564789455653","0,006460906313640977"
455,"0,009661570641032098","0,006463775972116791"
456,"0,009998908928419047","0,006466973766785706"
457,"0,01034264203459097","0,006470505701947339"
458,"0,010692835159929848","0,0064743778382799835"
459,"0,011049556384206259","0,006478596295601635"
460,"0,011412876729847398","0,006483167255690239"
461,"0,011782870226544662","0,006488096965164396"
462,"0,012159613977254968","0,006493391738425776"
463,"0,0125431882256507","0,006499057960664605"
464,"0,012933676425074503","0,006505102090929592"
465,"0,01333116530905613","0,006511530665263737"
466,"0,013735744963449691","0,00651835029990753"
467,"0,014147508900250799","0,006525567694571073"
468,"0,014566554133154181","0,0065331896357767524"
469,"0,014992981254913615","0,006541223000274129"
470,"0,01542689451656705","0,006549674758528769"
471,"0,01586840190859098","0,006558551978286808"
472,"0,016317615244049413","0,006567861828217112"
473,"0,01677465024380377","0,006577611581632944"
474,"0,01723962662385145","0,0065878086202951144"
475,"0,01771266818486172","0,006598460438298671"
476,"0,018193902903979004","0,006609574646045235"
477,"0,018683463028964765","0,006621158974303169"
478,"0,01918148517475017","0,00663322127835783"
479,"0,019688110422473145","0,006645769542254222"
480,"0,020203484421074426","0,00665881188313444"
481,"0,020727757491528463","0,00667235655567238"
482,"0,021261084733785875","0,006686411956608236"
483,"0,021803626136505775","0,0067009866293854135"
484,"0,02235554668965676","0,006716089268892534"
485,"0,022917016500066847","0,006731728726313297"
486,"0,023488210910003332","0,006747914014087051"
487,"0,024069310618864796","0,006764654310982967"
488,"0,02466050180806812","0,006781958967290849"
489,"0,02526197626921433","0,006799837510131626"
490,"0,025873931535617976","0,006818299648890709"
491,"0,026496571017285232","0,006837355280777437"
492,"0,027130104139426833","0,006857014496513944"
493,"0,027774746484592213","0,006877287586156857"
494,"0,02843071993851177","0,006898185045055292"
495,"0,029098252839734596","0,0069197175799487485"
496,"0,029777580133149125","0,006941896115208533"
497,"0,030468943527474146","0,006964731799226474"
498,"0,031172591656807625","0,006988236010954722"
499,"0,031888780246320546","0,007012420366600575"
500,"0,03261777228218246","0,0070372967264802945"
501,"0,03335361342000389","0,007062877202035996"
502,"0,03409024568893425","0,0070891679382539645"
503,"0,03482776621300914","0,007116169016004644"
504,"0,035566268479984904","0,007143880613201649"
505,"0,03630584235742499","0,007172303001068432"
506,"0,037046574106161266","0,0072014365404247885"
507,"0,03778854639120273","0,007231281677990526"
508,"0,03853183829016307","0,007261838942703738"
509,"0,03927652529927755","0,007293108942051197"
510,"0,040022679337080085","0,007325092358408424"
511,"0,04077036874580985","0,007357789945387095"
512,"0,04151965829061659","0,007391202524187518"
513,"0,04227060915663422","0,007425330979953947"
514,"0,043023278943991314","0,007460176258130627"
515,"0,04377772166082723","0,007495739360816487"
516,"0,044533987714382786","0,007532021343116499"
517,"0,04529212390023421","0,007569023309487764"
518,"0,046052173389739534","0,00760674641007851"
519,"0,04681417571576627","0,007645191837058171"
520,"0,04757816675677049","0,007684360820936879"
521,"0,04834417871929665","0,0077242546268727124"
522,"0,04911224011896906","0,007764874550965136"
523,"0,04988237576004549","0,00780622191653314"
524,"0,05065460671360473","0,007848298070376653"
525,"0,051428950294440126","0,00789110437901988"
526,"0,05220542003673206","0,0079346422249353"
527,"0,052984025668573013","0,007978913002747097"
528,"0,053764773085419784","0,008023918115412924"
529,"0,05454766432254807","0,00806965897038293"
530,"0,05533269752658609","0,008116136975735096"
531,"0,05611986692620394","0,008163353536285946"
532,"0,05690916280203778","0,008211310049675865"
533,"0,05770057145592741","0,008260007902428226"
534,"0,05849407517954806","0,008309448465981724"
535,"0,05928965222251793","0,00835963309269529"
536,"0,0600872767600639","0,008410563111825113"
537,"0,060886918860329375","0,008462239825473351"
538,"0,06168854445140903","0,008514664504508208"
539,"0,06249211528819664","0,008567838384455108"
540,"0,06329758891913324","0,008621762661358851"
541,"0,06410491865294395","0,008676438487616624"
542,"0,064914053525453","0,008731866967781951"
543,"0,06572493826656794","0,008788049154339622"
544,"0,06653751326752418","0,008844986043451849"
545,"0,06735171454848358","0,008902678570675922"
546,"0,06816747372658065","0,00896112760665373"
547,"0,068984717984511","0,009020333952773657"
548,"0,06980337003975905","0,009080298336805393"
549,"0,07062334811456077","0,009141021408508348"
550,"0,07144456590670008","0,0092025037352144"
551,"0,07226693256123747","0,009264745797385886"
552,"0,07309035264326967","0,009327747984149738"
553,"0,07391472611182141","0,009391510588808858"
554,"0,07473994829496913","0,009456033804331871"
555,"0,07556590986629858","0,009521317718822508"
556,"0,0763924968227974","0,009587362310969983"
557,"0,07721959046428536","0,009654167445481811"
558,"0,07804706737448394","0,009721732868500614"
559,"0,07887479940382804","0,009790058203006597"
560,"0,07970265365412207","0,009859142944207418"
561,"0,08053049246514273","0,009928986454917332"
562,"0,08135817340329077","0,009999587960927557"
563,"0,08218554925239291","0,01007094654636992"
564,"0,08301246800675577","0,010143061149075946"
565,"0,08383877286657176","0,010215930555933625"
566,"0,08466430223577684","0,010289553398244264"
567,"0,08548888972245905","0,010363928147081796"
568,"0,08631236414191529","0,010439053108657172"
569,"0,08713454952245246","0,01051492641969043"
570,"0,08795526511402779","0,010591546042793195"
571,"0,08877432539982252","0,010668909761864428"
572,"0,08959154011083861","0,010747015177502386"
573,"0,09040671424360905","0,010825859702435721"
574,"0,09121964808110858","0,010905440556976896"
575,"0,0920301372169497","0,010985754764501029"
576,"0,09283797258294561","0,011066799146953478"
577,"0,09364294048011998","0,011148570320389468"
578,"0,09444482261323998","0,0112310646905492"
579,"0,09524339612894529","0,011314278448471892"
580,"0,09603843365754326","0,011398207566152365"
581,"0,09682970335853654","0,011482847792243756"
582,"0,09761696896994523","0,011568194647810049"
583,"0,09839998986148252","0,011654243422132185"
584,"0,09917852109163765","0,011740989168571535"
585,"0,09995231346871636","0,011828426700494601"
586,"0,1007211136158839","0,011916550587262823"
587,"0,10148466404025142","0,012005355150291445"
588,"0,10224270320604141","0,012094834459181405"
589,"0,1029949656118615","0,012184982327928265"
590,"0,103741181872114","0,012275792311212197"
591,"0,10448107880255783","0,012367257700773097"
592,"0,10521437951003973","0,01245937152187488"
593,"0,10594080348640059","0,012552126529863046"
594,"0,10666006670656025","0,012645515206819584"
595,"0,10737188173077637","0,012739529758319323"
596,"0,10807595781106732","0,01283416211029178"
597,"0,10877200100178241","0,012929403905992556"
598,"0,10945971427429557","0,013025246503088346"
599,"0,11013879763579454","0,013121680970859553"
600,"0,11080894825212721","0,013218698087524487"
601,"0,11146986057466257","0,013316288337689091"
602,"0,11212122647111726","0,013414441909926064"
603,"0,11276273536028873","0,013513148694487255"
604,"0,11339407435063288","0,013612398281153055"
605,"0,11401492838261465","0,013712179957222537"
606,"0,11462498037475308","0,013812482705647928"
607,"0,1152239113732776","0,013913295203317034"
608,"0,11581140070530217","0,014014605819486995"
609,"0,11638712613541947","0,014116402614372811"
610,"0,11695076402560958","0,014218673337893858"
611,"0,11750198949835063","0,014321405428581574"
612,"0,1180404766028126","0,014424586012651343"
613,"0,11856589848400845","0,014528201903241503"
614,"0,11907792755477123","0,014632239599822272"
615,"0,11957623567041743","0,014736685287777222"
616,"0,12006049430595409","0,014841524838159861"
617,"0,12053037473567732","0,014946743807627658"
618,"0,12098554821500689","0,015052327438555708"
619,"0,12142568616439534","0,01515826065933216"
620,"0,12185046035514357","0,015264528084837222"
621,"0,1222595430969517","0,015371114017107529"
622,"0,12265260742702754","0,015478002446187373"
623,"0,12302932730057123","0,015585177051168214"
624,"0,12338937778245054","0,01569262120141762"
625,"0,12373243523987706","0,01580031795799865"
626,"0,12405817753589016","0,01590825007528053"
627,"0,12436628422345156","0,01601640000274114"
628,"0,12465643673995261","0,016124749886961852"
629,"0,12492831860193113","0,01623328157381484"
630,"0,1251816155997947","0,01634197661084296"
631,"0,12541601599234445","0,016450816249831912"
632,"0,12563121070089284","0,016559781449574422"
633,"0,12582689350276752","0,01666885287882574"
634,"0,1260027612239927","0,016778010919449683"
635,"0,126158513930941","0,016887235669754225"
636,"0,12629385512074662","0,016996506948015418"
637,"0,1264084919102743","0,017105804296188146"
638,"0,126502135223438","0,017215106983802235"
639,"0,12657449997666556","0,017324394012041867"
640,"0,12662530526230859","0,01743364411800649"
641,"0,1266542745297982","0,017542835779150792"
642,"0,12666113576435165","0,01765194721790144"
643,"0,12664562166303853","0,01776095640644789"
644,"0,1266074698080175","0,01786984107170448"
645,"0,12654642283676176","0,017978578700440794"
646,"0,12646222860909526","0,018087146544577114"
647,"0,12635464037086533","0,018195521626641634"
648,"0,1262234169140873","0,01830368074538586"
649,"0,1260683227333988","0,018411600481554557"
650,"0,12588912817867115","0,018519257203806403"
651,"0,12568560960363018","0,018626627074781268"
652,"0,12545754951034876","0,018733686057310118"
653,"0,1252047366894782","0,018840409920763156"
654,"0,12492696635609664","0,01894677424753187"
655,"0,12462404028105908","0,019052754439640433"
656,"0,12429576691774423","0,019158325725481852"
657,"0,12394196152410081","0,019263463166674114"
658,"0,12356244627990738","0,019368141665031542"
659,"0,12315705039916741","0,01947233596964642"
660,"0,12272561023757261","0,01957602068407594"
661,"0,12226796939497775","0,019679170273629438"
662,"0,12178397881283949","0,019781759072750787"
663,"0,12127349686658369","0,01988376129249088"
664,"0,12073638945287489","0,01998515102806497"
665,"0,12017253007177361","0,020085902266489777"
666,"0,11958179990377757","0,02018598889429506"
667,"0,1189640878817535","0,020285384705304544"
668,"0,11831929075777839","0,020384063408480993"
669,"0,11764731316491808","0,020481998635830292"
670,"0,11694806767398463","0,02057916395035938"
671,"0,11622147484532232","0,020675532854083006"
672,"0,11546746327568526","0,020771078796074247"
673,"0,11468596964027852","0,020865775180553856"
674,"0,11387693873004733","0,02095959537501358"
675,"0,11304032348430676","0,021052512718368614"
676,"0,11217608501881891","0,021144500529134552"
677,"0,11128419264942943","0,021235532113624236"
678,"0,11036462391139024","0,02132558077416004"
679,"0,10941736457450202","0,021414619817297267"
680,"0,10844240865422","0,021502622562054475"
681,"0,10743975841887705","0,02158956234814664"
682,"0,10640942439318588","0,02167541254421737"
683,"0,1053514253581898","0,02176014655606634"
684,"0,10426578834784318","0,021843737834868465"
685,"0,10315254864240525","0,02192615988538144"
686,"0,10201174975884397","0,022007386274138462"
687,"0,10084344343844943","0,022087390637623168"
688,"0,09964768963186497","0,022166146690423993"
689,"0,09842455648174996","0,022243628233365436"
690,"0,09717412030329328","0,02231980916161382"
691,"0,09589646556280292","0,022394663472755497"
692,"0,09459168485460039","0,022468165274845544"
693,"0,09325987887645414","0,0225402887944253"
694,"0,09190115640378904","0,02261100838450733"
695,"0,09051563426291188","0,02268029853252661"
696,"0,08910343730349729","0,022748133868256994"
697,"0,0876646983705778","0,02281448917169223"
698,"0,08619955827628542","0,022879339380891116"
699,"0,08470816577159203","0,022942659599786506"
700,"0,08319067751829626","0,023004425105958314"
701,"0,08166375272523753","0,023064611358370648"
702,"0,08014419105135813","0,023123210499737513"
703,"0,07863237882816357","0,023180231480289134"
704,"0,07712869271998157","0,02323568362763701"
705,"0,07563349981549507","0,023289576636729356"
706,"0,07414715772327457","0,023341920559908122"
707,"0,07267001467098774","0,02339272579707149"
708,"0,07120240960797583","0,023442003085945406"
709,"0,06974467231089991","0,023489763492467435"
710,"0,06829712349217341","0,023536018401285868"
711,"0,06686007491090953","0,023580779506376753"
712,"0,06543382948612379","0,023624058801781284"
713,"0,06401868141194635","0,023665868572465627"
714,"0,06261491627460884","0,02370622138530511"
715,"0,061222811170983334","0,023745130080194413"
716,"0,05984263482846281","0,023782607761285202"
717,"0,05847464772598308","0,02381866778835238"
718,"0,05711910221599807","0,023853323768290014"
719,"0,055776242647230745","0,023886589546737724"
720,"0,05444630548803252","0,02391847919983822"
721,"0,053129519450194264","0,02394900702612641"
722,"0,05182610561306203","0,02397818753855048"
723,"0,05053627754782025","0,024006035456624993"
724,"0,049260241441814165","0,024032565698716188"
725,"0,047998196222792555","0,024057793374459287"
726,"0,04675033368296042","0,02408173377730762"
727,"0,045516838602739695","0,02410440237721327"
728,"0,04429788887414327","0,0241258148134388"
729,"0,04309365562367735","0,02414598688749951"
730,"0,041904303334691674","0,024164934556235685"
731,"0,04072998996910714","0,024182673925014143"
732,"0,0395708670884545","0,024199221241058236"
733,"0,03842707997416643","0,024214592886905632"
734,"0,03729876774707009","0,02422880537399289"
735,"0,03618606348603339","0,02424187533636597"
736,"0,035089094345724006","0,02425381952451564"
737,"0,03400798167344548","0,02426465479933685"
738,"0,03294284112501928","0,024274398126210957"
739,"0,03189378277968666","0,02428306656920977"
740,"0,030860911254008888","0,024290677285420247"
741,"0,029844325814747885","0,024297247519388835"
742,"0,02884412049071416","0,02430279459768419"
743,"0,027860384183571448","0,02430733592357722"
744,"0,026893200777592118","0,024310888971837218"
745,"0,025942649248359484","0,024313471283642973"
746,"0,025008803770417042","0,02431510046160769"
747,"0,024091733823866576","0,024315794164916502"
748,"0,02319150429992038","0,02431557010457545"
749,"0,02230817560541453","0,024314446038770792"
750,"0,021441803766292702","0,024312439768337434"
751,"0,02059244053007161","0,024309569132335392"
752,"0,01976013346730132","0,024305852003733128"
753,"0,018944926072034768","0,024301306285196694"
754,"0,01814685786132287","0,024295949904983533"
755,"0,01736596447375194","0,02428980081293987"
756,"0,016602277767042515","0,02428287697660068"
757,"0,015855825914728262","0,024275196377391124"
758,"0,015126633501935454","0,024266777006928458"
759,"0,014414721620283826","0,024257636863423464"
760,"0,013720107961930223","0,024247793948180323"
761,"0,013042806912776829","0,024237266262194072"
762,"0,012382829644866198","0,024226071802844654"
763,"0,011740184207985666","0,02421422856068668"
764,"0,011114875620503456","0,024201754516333978"
765,"0,010506905959459235","0,024188667637438148"
766,"0,009916274449931862","0,02417498587576017"
767,"0,009342977553706366","0,02416072716433434"
768,"0,008787009057262749","0,02414590941472371"
769,"0,008248360159108523","0,024130550514366248"
770,"0,007727019556476623","0,02411466832401099"
771,"0,00722297353140987","0,024098280675243455"
772,"0,006736206036253056","0,02408140536809962"
773,"0,006266698778572782","0,024064060168767776"
774,"0,005814431305525014","0,024046262807377577"
775,"0,005379381087689509","0,024028030975875723"
776,"0,004961523602389794","0,024009382325987535"
777,"0,004560832416516821","0,023990334467263934"
778,"0,004177279268873375","0,02397090496521319"
779,"0,0038108341520562434","0,023951111339516846"
780,"0,0034614653938917894","0,023930971062329384"
781,"0,0031291397384404377","0,023910501556660944"
782,"0,002813822426584323","0,023889720194842725"
783,"0,0025154772762121616","0,023868644297074467"
784,"0,0022340667620141317","0,023847291130053606"
785,"0,001969552094899014","0,023825677905685568"
786,"0,0017218933010454225","0,023803821779874782"
787,"0,001491049300597553","0,02378173985139595"
788,"0,0012769779860155228","0,02375944916084515"
789,"0,0010796363000898483","0,023736966689670323"
790,"0,0008989803136282463","0,02371430935928074"
791,"0,0007349653028228207","0,02369149403023509"
792,"0,0005875458263047524","0,023668537501507676"
793,"0,00045667580189258193","0,023645456509832474"
794,"0,00034230858304046486","0,023622267729124534"
795,"0,00024439703499072325","0,02359898776997845"
796,"0,00016289361063562692","0,023575633179243462"
797,"9,775042609195656e-05","0,02355222043967485"
798,"4,891933599167046e-05","0,023528765969661268"
799,"1,635200849093916e-05","0,0235052861230276"
800,"7,075421701604391e-18","0,023481797188913064"
801,"-1,851703651745909e-07","0,02345831539172415"
802,"1,5748053391770425e-05","0,02343485689116206"
803,"4,775133804552651e-05","0,023411437782324292"
804,"9,57765347702679e-05","0,02338807409588001"
805,"0,00015977575248331816","0,0233647817983189"
806,"0,0002397014309105712","0,023341576792273066"
807,"0,00033550641337182056","0,023318474916911705"
808,"0,00044714401928442216","0,023295491948408163"
809,"0,0005745681163828685","0,02327264360047904"
810,"0,0007177331926517713","0,023249945524994944"
811,"0,0008765944279688328","0,023227413312662603"
812,"0,001051107765455064","0,02320506249377791"
813,"0,0012412299825280287","0,02318290853904959"
814,"0,001446918761654386","0,02316096686049307"
815,"0,001668132760797343","0,02313925281239423"
816,"0,0019048316835544273","0,02311778169234263"
817,"0,0021569763489807875","0,023096568742333845"
818,"0,0024245287610928225","0,023075629149940494"
819,"0,0027074521780466212","0,023054978049551648"
820,"0,003005711180985858","0,023034630523680145"
821,"0,003319271742553","0,02301460160433745"
822,"0,003648101295057617","0,022994906274475663"
823,"0,00399216879829572","0,022975559469496244"
824,"0,0043514448070130635","0,02295657607882504"
825,"0,004725901538005755","0,02293797094755323"
826,"0,005115512936850967","0,02291975887814368"
827,"0,005520254744260214","0,02290195463220239"
828,"0,005940104562047583","0,02288457293231445"
829,"0,006375041918704742","0,02286762846394418"
830,"0,006825048334574634","0,02285113587739894"
831,"0,00729010738661499","0,022835109789856114"
832,"0,007770204772742751","0,022819564787452874"
833,"0,008265328375749942","0,022804515427438162"
834,"0,008775468326781494","0,022789976240386475"
835,"0,009300617068364382","0,022775961732472868"
836,"0,009840769416977778","0,02276248638780876"
837,"0,010395922625152921","0,02274956467083793"
838,"0,010966076443091066","0,022737211028792247"
839,"0,011551233179787174","0,022725439894206542"
840,"0,012151397763646467","0,022714265687492123"
841,"0,012766577802580524","0,022703702819568277"
842,"0,013396783643568222","0,02269376569455129"
843,"0,014042028431666872","0,022684468712500305"
844,"0,014702328168457486","0,022675826272219472"
845,"0,01537770176990746","0,022667852774115708"
846,"0,016068171123632697","0,0226605626231115"
847,"0,01677376114554096","0,022653970231612017"
848,"0,01749449983583587","0,022648090022525946"
849,"0,01823041833436094","0,022642936432339254"
850,"0,0189815509752612","0,022638523914241277"
851,"0,01974793534093857","0,022634866941302297"
852,"0,02052961231527609","0,02263198000970193"
853,"0,021326626136103997","0,022629877642007506"
854,"0,022139024446879495","0,022628574390501602"
855,"0,022966858347550148","0,022628084840557977"
856,"0,023810182444568746","0,02262842361406497"
857,"0,02466905490002586","0,022629605372895472"
858,"0,02554353747986396","0,022631644822422605"
859,"0,0264336956011348","0,022634556715080044"
860,"0,027339598378259642","0,0226383558539661"
861,"0,028261318668248638","0,022643057096490393"
862,"0,029198933114834496","0,02264867535806215"
863,"0,03015252219147077","0,02265522561581892"
864,"0,031122170243144384","0,022662722912394576"
865,"0,032107965526946745","0,022671182359725324"
866,"0,03311000025134649","0,022680619142892548"
867,"0,03412837061410192","0,022691048524001"
868,"0,03516317683874822","0,0227024858460911"
869,"0,036214523209591135","0,02271494653708376"
870,"0,03728251810513411","0,022728446113756268"
871,"0,038367274029861544","0,022743000185747642"
872,"0,03946890764429743","0,02275862445959176"
873,"0,040587539793253274","0,022775334742776467"
874,"0,04172329553217378","0,022793146947826946"
875,"0,042876304151485606","0,022812077096411292"
876,"0,04404669919884661","0,022832141323466365"
877,"0,04523461849919018","0,022853355881341745"
878,"0,04644020417245104","0,022875737143959594"
879,"0,04766360264885444","0,022899301610988087"
880,"0,04890496468164378","0,02292406591202595"
881,"0,05016444535711504","0,02295004681079557"
882,"0,05144220410181957","0,02297726120934189"
883,"0,05273840468678998","0,023005726152234368"
884,"0,054053215228635744","0,02303545883076892"
885,"0,05538680818734802","0,023066476587166786"
886,"0,05673936036064488","0,023098796918766967"
887,"0,05811105287467939","0,023132437482208845"
888,"0,059502071170925284","0,023167416097601316"
889,"0,06091260498904448","0,02320375075267464"
890,"0,06234284834553298","0,02324145960691101"
891,"0,06379299950793021","0,023280560995649634"
892,"0,06526326096436888","0,02332107343416192"
893,"0,06675383938822951","0,023363015621692126"
894,"0,06826494559765572","0,023406406445458664"
895,"0,06979679450967276","0,023451264984610858"
896,"0,07134960508864249","0,023497610514135923"
897,"0,07292360028877429","0,02354546250871043"
898,"0,07451900699040016","0,023594840646490492"
899,"0,07613605592971008","0,0236457648128344"
900,"0,07777498162162914","0,023698255103951276"
901,"0,07942060996326909","0,023752331830468956"
902,"0,08105766459120395","0,023808000108601755"
903,"0,08268620695489655","0,023865249773084355"
904,"0,08430629048584147","0,023924070730266166"
905,"0,08591796066639068","0,02398445295002174"
906,"0,08752125509932475","0,02404638645773811"
907,"0,08911620357825527","0,024109861326379697"
908,"0,09070282815894526","0,02417486766863157"
909,"0,09228114323163622","0,024241395629121885"
910,"0,09385115559447038","0,024309435376724402"
911,"0,09541286452809895","0,02437897709694215"
912,"0,09696626187156678","0,024450010984373306"
913,"0,0985113320995638","0,0245225272352605"
914,"0,10004805240113498","0,024596516040124805"
915,"0,10157639275993897","0,024671967576485817"
916,"0,10309631603614561","0,02474887200166927"
917,"0,10460777805006166","0,02482721944570375"
918,"0,10611072766757366","0,024907000004308108"
919,"0,10760510688749435","0,024988203731971373"
920,"0,10909085093089856","0,025070820635126893"
921,"0,1105678883325331","0,025154840665422666"
922,"0,1120361410343817","0,025240253713089775"
923,"0,1134955244814648","0,025327049600411065"
924,"0,1149459477199523","0,02541521807529212"
925,"0,1163873134976626","0,02550474880493678"
926,"0,11781951836702043","0,025595631369629505"
927,"0,11924245279054109","0,025687855256626896"
928,"0,12065600124890666","0,02578140985416081"
929,"0,12206004235169504","0,025876284445555557"
930,"0,12345444895081967","0,025972468203461694"
931,"0,12483908825673282","0,026069950184209052"
932,"0,12621382195744205","0,026168719322281576"
933,"0,12757850634038337","0,026268764424916737"
934,"0,12893299241719208","0,026370074166832205"
935,"0,13027712605140504","0,026472637085082563"
936,"0,1316107480891249","0,026576441574048888"
937,"0,1329336944926698","0,026681475880563958"
938,"0,1342457964772281","0,026787728099176063"
939,"0,1355468806505305","0,026895186167554114"
940,"0,13683676915554777","0,02700383786203709"
941,"0,1381152798162142","0,027113670793330602"
942,"0,1393822262861727","0,02722467240235349"
943,"0,14063741820052994","0,027336829956237308"
944,"0,1418806613306033","0,0274501305444816"
945,"0,14311175774163615","0,027564561075267724"
946,"0,14433050595344973","0,02768010827193409"
947,"0,14553670110399397","0,027796758669615607"
948,"0,1467301351157526","0,027914498612049983"
949,"0,1479105968649508","0,028033314248553688"
950,"0,1490778723535064","0,028153191531170085"
951,"0,150231744883659","0,02827411621199242"
952,"0,15137199523520453","0,028396073840664084"
953,"0,15249840184525368","0,028519049762058626"
954,"0,15361074099042937","0,02864302911414182"
955,"0,15470878697140583","0,02876799682601811"
956,"0,15579231229969126","0,028893937616163497"
957,"0,15686108788654235","0,029020835990847024"
958,"0,15791488323389746","0,02914867624274272"
959,"0,1589534666272047","0,029277442449733876"
960,"0,15997660533001615","0,029407118473911347"
961,"0,160984065780212","0,02953768796076745"
962,"0,16197561378771233","0,029669134338586894"
963,"0,16295101473352688","0,029801440818036023"
964,"0,16391003376998792","0,02993459039195151"
965,"0,16485243602200478","0,030068565835329544"
966,"0,16577798678917208","0,030203349705516223"
967,"0,16668645174855984","0,03033892434259988"
968,"0,16757759715800505","0,030475271870005836"
969,"0,16845119005972328","0,030612374195293834"
970,"0,1693069984840493","0,030750213011158267"
971,"0,17014479165311547","0,03088876979663116"
972,"0,17096434018426887","0,031028025818487643"
973,"0,17176541629302589","0,031167962132853427"
974,"0,17254779399535855","0,0313085595870136"
975,"0,17331124930910471","0,031449798821421945"
976,"0,1740555604542891","0,03159166027190963"
977,"0,17478050805214132","0,031734124172092"
978,"0,17548587532259421","0,03187717055597205"
979,"0,17617144828004405","0,03202077926073867"
980,"0,1768370159271519","0,032164929929757974"
981,"0,17748237044646625","0,03230960201575537"
982,"0,1781073073896439","0,032454774784186076"
983,"0,1787116258640489","0,03260042731679154"
984,"0,17929512871650627","0,03274653851533879"
985,"0,17985762271399108","0,03289308710553995"
986,"0,1803989187210321","0,033040051641148406"
987,"0,18091883187361293","0,033187410508228286"
988,"0,1814171817493539","0,03333514192959367"
989,"0,18189379253376142","0,03348322396941343"
990,"0,1823484931823346","0,03363163453797778"
991,"0,18278111757832155","0,03378035139662214"
992,"0,18319150468592274","0,033929352162803836"
993,"0,18357949869874196","0,03407861431532696"
994,"0,18394494918329135","0,03422811519971038"
995,"0,18428771121736118","0,034377832033693954"
996,"0,18460764552307152","0,03452774191287762"
997,"0,18490461859442847","0,03467782181648782"
998,"0,18517850281921347","0,034828048613265765"
999,"0,18542917659504346","0,034978399067471716"
1000,"0,18565652443944353","0,03512884984499929"
1001,"0,18586043709378344","0,03527937751959373"
1002,"0,18604081162093786","0,035429958579167926"
1003,"0,18619755149653566","0,0355805694322097"
1004,"0,18633056669367562","0,03573118641427402"
1005,"0,1864397737609926","0,03588178579455342"
1006,"0,18652509589396682","0,03603234378251987"
1007,"0,18658646299938164","0,036182836534631314"
1008,"0,18662381175284118","0,03633324016109606"
1009,"0,18663708564926992","0,036483530732687806"
1010,"0,1866262350463295","0,036633684287604384"
1011,"0,1865912172006932","0,036783676838363116"
1012,"0,18653199629713255","0,03693348437872545"
1013,"0,18644854347038056","0,037083082890643854"
1014,"0,18634083681974487","0,037232448351223586"
1015,"0,18620886141645684","0,03738155673969211"
1016,"0,1860526093037518","0,03753038404436888"
1017,"0,18587207948968812","0,037678906269628255"
1018,"0,18566727793272036","0,03782709944284832"
1019,"0,18543821752005696","0,037974939621338195"
1020,"0,18518491803883952","0,03812240289923692"
1021,"0,1849074061401924","0,03826946541437653"
1022,"0,1846057152962039","0,03841610335510234"
1023,"0,184279885749908","0,03856229296704344"
1024,"0,18392996445834547","0,038708010559826304"
1025,"0,18355600502879757","0,03885323251372483"
1026,"0,18315806764828832","0,038997935286239904"
1027,"0,18273621900646747","0,039142095418601947"
1028,"0,182290532211992","0,039285689542189806"
1029,"0,1818210867025333","0,03942869438485961"
1030,"0,18132796814854713","0,039571086777177286"
1031,"0,18081126835095118","0,03971284365854865"
1032,"0,18027108513286325","0,03985394208324105"
1033,"0,17970752222556077","0,039994359226290674"
1034,"0,17912068914882973","0,04013407238928995"
1035,"0,17851070108587952","0,04027305900604949"
1036,"0,17787767875300448","0,04041129664812931"
1037,"0,17722174826418138","0,04054876303023419"
1038,"0,17654304099079662","0,04068543601546813"
1039,"0,17584169341670328","0,04082129362044346"
1040,"0,17511784698881377","0,04095631402023972"
1041,"0,1743716479634355","0,041090475553208286"
1042,"0,17360324724856585","0,04122375672561851"
1043,"0,17281280024236254","0,041356136216141454"
1044,"0,17200046666801058","0,04148759288016767"
1045,"0,17116641040521022","0,04161810575395551"
1046,"0,17031079931851212","0,04174765405860677"
1047,"0,1694338050827275","0,04187621720386668"
1048,"0,16853560300564444","0,042003774791745545"
1049,"0,16761637184828074","0,042130306619959444"
1050,"0,16667629364290537","0,04225579268518777"
1051,"0,16571555350906167","0,04238021318614548"
1052,"0,16473433946782334","0,0425035485264684"
1053,"0,1637328422545158","0,042625779317409754"
1054,"0,1627112551301333","0,042746886380346856"
1055,"0,1616697736916824","0,042866850749096644"
1056,"0,16060859568167854","0,04298565367203923"
1057,"0,1595279207970218","0,04310327661404887"
1058,"0,15842795049747668","0,043219701258231845"
1059,"0,15730888781397606","0,04333490950747109"
1060,"0,15617093715696592","0,04344888348577759"
1061,"0,1550143041250087","0,04356160553944878"
1062,"0,1538391953138525","0,043673058238034336"
1063,"0,1526458181261764","0,043783224375110154"
1064,"0,1514343805822123","0,04389208696886122"
1065,"0,15020509113144392","0,04399962926247456"
1066,"0,14895815846557575","0,04410583472434354"
1067,"0,14769379133296082","0,04421068704808477"
1068,"0,14641219835467267","0,04431417015236965"
1069,"0,14511358784239894","0,044416268180571955"
1070,"0,1437981676183314","0,044516965500233784"
1071,"0,14246614483721934","0,044616246702351876"
1072,"0,14111772581075063","0,04471409660048674"
1073,"0,13975311583441458","0,04481050022969701"
1074,"0,13837251901700018","0,04490544284530173"
1075,"0,13697613811287382","0,04499890992147343"
1076,"0,13556417435717566","0,045090887149664825"
1077,"0,13413682730406803","0,04518136043687234"
1078,"0,1326942946681642","0,04527031590373954"
1079,"0,1312367721692578","0,04535773988250396"
1080,"0,12976445338046955","0,045443618914790714"
1081,"0,12827752957992086","0,04552793974925639"
1082,"0,1267761896060374","0,04561068933908705"
1083,"0,12526061971658226","0,04569185483935401"
1084,"0,12373100345151057","0,04577142360423124"
1085,"0,12218752149973247","0,04584938318407852"
1086,"0,12063035156986597","0,04592572132239418"
1087,"0,11905966826505653","0,04600042595264165"
1088,"0,11747564296193364","0,04607348519495407"
1089,"0,11587844369377116","0,04614488735272105"
1090,"0,11426823503791166","0,0462146209090621"
1091,"0,11264517800751207","0,04628267452319095"
1092,"0,11100942994766184","0,04634903702667527"
1093,"0,10936114443592143","0,046413697419596264"
1094,"0,10770047118732445","0,04647664486661259"
1095,"0,1060275559638832","0,0465378686929333"
1096,"0,10434254048863273","0,04659735838020425"
1097,"0,10264556236424588","0,04665510356231268"
1098,"0,10093675499624916","0,046711094021114605"
1099,"0,09921624752086335","0,04676531968208974"
1100,"0,09748416473749463","0,04681777060992852"
1101,"0,09575500824326953","0,04686843700405609"
1102,"0,09404318039961948","0,046917323575295294"
1103,"0,09234864729755295","0,046964449432119616"
1104,"0,09067137138935724","0,04700983362998505"
1105,"0,08901131169750039","0,04705349516774442"
1106,"0,08736842401645019","0,04709545298427418"
1107,"0,08574266110754566","0,04713572595530636"
1108,"0,08413397288705812","0,047174332890458595"
1109,"0,0825423066075797","0,047211292530455196"
1110,"0,08096760703288088","0,047246623544532323"
1111,"0,07940981660637736","0,04728034452802067"
1112,"0,07786887561334803","0,04731247400009903"
1113,"0,07634472233704782","0,047343030401712276"
1114,"0,07483729320885647","0,04737203209364761"
1115,"0,07334652295260666","0,04739949735476282"
1116,"0,07187234472323284","0,04742544438036067"
1117,"0,07041469023988307","0,04744989128070354"
1118,"0,0689734899136339","0,04747285607966272"
1119,"0,06754867296994783","0,04749435671349669"
1120,"0,06614016756601236","0,04751441102975314"
1121,"0,06474790090309816","0,047533036786289395"
1122,"0,06337179933407026","0,0475502516504062"
1123,"0,06201178846618904","0,04756607319808987"
1124,"0,06066779325933111","0,04758051891335796"
1125,"0,05933973811976213","0,04759360618770394"
1126,"0,05802754698958972","0,047605352319636"
1127,"0,056731143432023276","0,04761577451430596"
1128,"0,055450450712565574","0,04762488988322367"
1129,"0,05418539187625845","0,047632715444053016"
1130,"0,05293588982110333","0,04763926812048522"
1131,"0,05170186736777462","0,047644564742185834"
1132,"0,05048324732574202","0,04764862204481143"
1133,"0,04927995255591561","0,04765145667009236"
1134,"0,048091906029925115","0,04765308516597818"
1135,"0,046919030886142216","0,047653523986842125"
1136,"0,045761250482553285","0,047652789493741424"
1137,"0,04461848844658698","0,047650897954730244"
1138,"0,04349066872199828","0,047647865545222094"
1139,"0,04237771561290991","0,04764370834839887"
1140,"0,04127955382510806","0,04763844235566339"
1141,"0,04019610850468791","0,04763208346713283"
1142,"0,03912730527414238","0,04762464749217038"
1143,"0,0380730702659844","0,04761615014995235"
1144,"0,037033330153991774","0,04760660707006839"
1145,"0,036008012182160876","0,04759603379315232"
1146,"0,034997044191453386","0,04758444577154132"
1147,"0,034000354644418265","0,04757185836996124"
1148,"0,03301787264776893","0,04755828686623569"
1149,"0,032049527972993534","0,04754374645201723"
1150,"0,031095251075074222","0,0475282522335382"
1151,"0,030154973109389114","0,04751181923237974"
1152,"0,02922862594686918","0,04749446238625675"
1153,"0,028316142187479656","0,04747619654981737"
1154,"0,02741745517209406","0,04745703649545503"
1155,"0,02653249899282707","0,04743699691413167"
1156,"0,02566120850189077","0,04741609241621037"
1157,"0,024803519319036293","0,04739433753229604"
1158,"0,02395936783764223","0,047371746714082785"
1159,"0,023128691229508353","0,04734833433520634"
1160,"0,022311427448412708","0,04732411469210064"
1161,"0,021507515232487093","0,04729910200485696"
1162,"0,020716894105465435","0,04727331041808459"
1163,"0,019939504376858045","0,047246754001771966"
1164,"0,019175287141101987","0,04721944675214706"
1165,"0,018424184275737596","0,047191402592536014"
1166,"0,01768613843865972","0,04716263537421921"
1167,"0,01696109306448924","0,04713315887728366"
1168,"0,016248992360111243","0,047102986811470855"
1169,"0,015549781299423231","0,047072132817019496"
1170,"0,014863405617336286","0,04704061046550189"
1171,"0,014189811803070244","0,04700843326065372"
1172,"0,013528947092783206","0,046975614639196146"
1173,"0,012880759461574345","0,04694216797164973"
1174,"0,012245197614897316","0,04690810656313966"
1175,"0,011622210979421111","0,04687344365419141"
1176,"0,011011749693373764","0,04683819242151664"
1177,"0,010413764596402779","0,04680236597878849"
1178,"0,009828207218986137","0,04676597737740611"
1179,"0,009255029771425328","0,04672903960724769"
1180,"0,0086941851324521","0,04669156559741186"
1181,"0,008145626837478714","0,046653568216946904"
1182,"0,0076093090665209666","0,04661506027556744"
1183,"0,007085186631822234","0,04657605452435839"
1184,"0,006573214965205588","0,04653656365646585"
1185,"0,006073350105180728","0,046496600307774597"
1186,"0,005585548683830702","0,046456177057572"
1187,"0,005109767913503509","0,046415306429198264"
1188,"0,004645965573331939","0,04637400089068257"
1189,"0,0041940999956049385","0,04633227285536522"
1190,"0,00375413005201235","0,04629013468250546"
1191,"0,0033260151397844864","0,046247598677874965"
1192,"0,0029097151677470855","0,04620467709433687"
1193,"0,002505190542311498","0,046161382132410285"
1194,"0,0021124021534190797","0,04611772594082018"
1195,"0,001731311360458162","0,046073720617032785"
1196,"0,0013618799781713888","0,046029378207776216"
1197,"0,0010040702625699082","0,04598471070954661"
1198,"0,0006578448968713721","0,04593973006909963"
1199,"0,00032316697747650957","0,0458944481839274"
1200,"1,3295964841110576e-17","0,045848876902720936"
1201,"-0,0003116921546307528","0,04580302802581822"
1202,"-0,000611945233994963","0,04575691330563777"
1203,"-0,0009007946279028044","0,045710544447098135"
1204,"-0,001178275382012693","0,045663933108023136"
1205,"-0,0014444222113292394","0,04561709089953311"
1206,"-0,001699269513571282","0,04557002938642224"
1207,"-0,0019428513823986804","0,04552276008752224"
1208,"-0,0021752016204881998","0,04547529447605233"
1209,"-0,0023963537524490605","0,04542764397995578"
1210,"-0,0026063410375688793","0,045379819982223374"
1211,"-0,002805196482381932","0,04533183382120358"
1212,"-0,002992952853051643","0,0452836967909"
1213,"-0,00316964268756021","0,045235420141256054"
1214,"-0,0033352983076982094","0,04518701507842724"
1215,"-0,003489951830848477","0,045138492765041116"
1216,"-0,003633635181557707","0,045089864320445226"
1217,"-0,0037663801028913996","0,04504114082094322"
1218,"-0,003888218167566482","0,04499233330001939"
1219,"-0,003999180788858115","0,0449434527485518"
1220,"-0,004099299231276322","0,044894510115014385"
1221,"-0,004188604621009434","0,04484551630566809"
1222,"-0,004267127956131309","0,044796482184741415"
1223,"-0,0043349001165701884","0,04474741857460054"
1224,"-0,0043919518738370165","0,04469833625590937"
1225,"-0,0044383139005118285","0,044649245967779624"
1226,"-0,0044740167794873635","0,044600158407911324"
1227,"-0,0044990910129690835","0,04455108423272392"
1228,"-0,004513567031231664","0,04450203405747823"
1229,"-0,004517475201132003","0,04445301845638952"
1230,"-0,004510845834379919","0,044404047962732"
1231,"-0,0044937091955671235","0,04435513306893489"
1232,"-0,0044660955099565846","0,04430628422667039"
1233,"-0,004428034971033702","0,044257511846933766"
1234,"-0,004379557747822369","0,04420882630011579"
1235,"-0,004320693991967948","0,04416023791606786"
1236,"-0,004251473844590926","0,04411175698415982"
1237,"-0,004171927442914624","0,04406339375333107"
1238,"-0,004082084926670786","0,04401515843213483"
1239,"-0,003981976444287674","0,043967061188776024"
1240,"-0,003871632158865075","0,04391911215114296"
1241,"-0,003751082253941667","0,043871321406832954"
1242,"-0,0036203569390598107","0,04382369900317218"
1243,"-0,0034794864551338854","0,043776254947229955"
1244,"-0,0033285010796281797","0,04372899920582758"
1245,"-0,003167431131550915","0,043681941705542134"
1246,"-0,0029963069762711783","0,04363509233270504"
1247,"-0,0028151590301661216","0,04358846093339606"
1248,"-0,0026240177651057836","0,043542057313432504"
1249,"-0,002422913712783553","0,04349589123835396"
1250,"-0,0022118774689002226","0,04344997243340283"
1251,"-0,001990939697210371","0,04340431058350053"
1252,"-0,001760131133439821","0,04335891533321982"
1253,"-0,0015194825890830978","0,04331379628675316"
1254,"-0,001269024955090486","0,043268963007877324"
1255,"-0,0010087892054544466","0,04322442501991436"
1256,"-0,000738806400704951","0,04318019180568899"
1257,"-0,0004591076913246256","0,04313627280748259"
1258,"-0,0001697243210936881","0,043092677426983785"
1259,"0,00012931236962415203","0,0430494150252357"
1260,"0,00043797094064405753","0,04300649492258009"
1261,"0,0007562198487590531","0,042963926398598154"
1262,"0,0010840274445643075","0,04292171869204832"
1263,"0,0014213619692948834","0,042879881000800826"
1264,"0,0017681915516647407","0,04283842248176932"
1265,"0,0021244842046947965","0,042797352250839214"
1266,"0,002490207822517689","0,04275667938279307"
1267,"0,002865330177146192","0,04271641291123279"
1268,"0,003249818915192714","0,04267656182849871"
1269,"0,0036436415545264833","0,0426371350855854"
1270,"0,004046765480855143","0,04259814159205434"
1271,"0,004459157944217324","0,04255959021594315"
1272,"0,0048807860553723706","0,04252148978367142"
1273,"0,0053116167820734745","0,04248384907994312"
1274,"0,005751616945209965","0,04244667684764525"
1275,"0,006200753214804675","0,042409981787742815"
1276,"0,006658992105852058","0,04237377255916988"
1277,"0,007126299973982405","0,04233805777871657"
1278,"0,007602643010937593","0,04230284602091184"
1279,"0,008087987239843419","0,04226814581790187"
1280,"0,008582298510263998","0,042233965659323816"
1281,"0,009085542493022509","0,042200313992174755"
1282,"0,009597684674774011","0,042167199220675605"
1283,"0,010118690352314177","0,0421346297061297"
1284,"0,010648524626609434","0,04210261376677589"
1285,"0,011187152396532294","0,04207115967763573"
1286,"0,011734538352287075","0,04204027567035463"
1287,"0,012290646968510078","0,04200996993303656"
1288,"0,01285544249702845","0,04198025061007203"
1289,"0,013428888959262433","0,04195112580195899"
1290,"0,01401095013825506","0,04192260356511629"
1291,"0,014601589570313269","0,04189469191168943"
1292,"0,01520077053624543","0,041867398809348054"
1293,"0,01580845605217842","0,04184073218107496"
1294,"0,01642460885993955","0,04181469990494606"
1295,"0,017049191416986496","0,041789309813901054"
1296,"0,01768216588587046","0,04176456969550414"
1297,"0,018323494123215937","0,041740487291694515"
1298,"0,018973137668201936","0,04171707029852603"
1299,"0,019631057730528905","0,04169432636589571"
1300,"0,020297215177855446","0,04167226309726035"
1301,"0,020971570522689855","0,041650888049340945"
1302,"0,02165408390872044","0,04163020873181429"
1303,"0,022344715096569802","0,0416102326069912"
1304,"0,0230434234489576","0,041590967089480776"
1305,"0,02375016791525671","0,041572419545840254"
1306,"0,024464907015427986","0,04155459729420967"
1307,"0,025187598823318686","0,04153750760393089"
1308,"0,025918200949310126","0,041521157695150274"
1309,"0,026656670522299884","0,041505554738404435"
1310,"0,027402964171004702","0,04149070585418833"
1311,"0,028157038004569715","0,041476618112505144"
1312,"0,028918847592470646","0,04146329853239721"
1313,"0,029688347943695213","0,041450754081457285"
1314,"0,030465493485190637","0,041438991675319524"
1315,"0,031250238039564594","0,04142801817712939"
1316,"0,03204253480202639","0,04141784039699182"
1317,"0,032842336316557134","0,041408465091396854"
1318,"0,0336495944512961","0,04139989896262202"
1319,"0,03446426037313246","0,041392148658110695"
1320,"0,03528628452149096","0,04138522076982572"
1321,"0,036115616581301246","0,04137912183357738"
1322,"0,036952205455140656","0,0413738583283251"
1323,"0,03779599923454039","0,04136943667545192"
1324,"0,038646945170446846","0,041365863238011"
1325,"0,039504989642828635","0,04136314431994344"
1326,"0,04037007812942214","0,041361286165266326"
1327,"0,041242155173607485","0,041360294957230474"
1328,"0,04212116435140901","0,04136017681744685"
1329,"0,043007048237613595","0,041360937804980805"
1330,"0,04389974837100198","0,04136258391541344"
1331,"0,04479920521868837","0,041365121079869026"
1332,"0,04570535813956465","0,04136855516400784"
1333,"0,04661814534684617","0,041372891966983405"
1334,"0,047537503869717466","0,041378137220363265"
1335,"0,04846336951407647","0,04138429658701262"
1336,"0,04939567682237694","0,04139137565993969"
1337,"0,05033435903257065","0,04139937996110212"
1338,"0,05127934803615053","0,04140831494017359"
1339,"0,052230574335298166","0,04141818597326957"
1340,"0,05318796699913965","0,0414289983616316"
1341,"0,05415145361911548","0,041440757330269105"
1342,"0,055120960263470645","0,04145346802655795"
1343,"0,056096411430873114","0,04146713551879486"
1344,"0,057077730003169985","0,04148176479470694"
1345,"0,058064837197291906","0,041497360759915405"
1346,"0,05905765251631797","0,04151392823635278"
1347,"0,060056093699714805","0,04153147196063274"
1348,"0,06106007667276499","0,04154999658237182"
1349,"0,062069515495201795","0,04156950666246222"
1350,"0,063084322309069","0,04159000667129496"
1351,"0,0641044072858261","0,04161150098693274"
1352,"0,06512967857272077","0,041633993893231636"
1353,"0,06616004223845347","0,04165748957791113"
1354,"0,06719540221815982","0,04168199213057167"
1355,"0,06823566025773879","0,041707505540659266"
1356,"0,06928071585755717","0,04173403369537635"
1357,"0,07033046621556292","0,04176158037753853"
1358,"0,07138480616984161","0,041790149263376555"
1359,"0,07244362814065312","0,041819743920283016"
1360,"0,07350682207198837","0,04185036780450339"
1361,"0,07457427537268707","0,04188202425877088"
1362,"0,0756458728571614","0,0419147165098848"
1363,"0,07672149668577266","0,04194844766623207"
1364,"0,07780102630490986","0,04198322071525161"
1365,"0,07888433838682321","0,042019038520841274"
1366,"0,07997130676926721","0,04205590382070725"
1367,"0,08106180239501175","0,04209381922365581"
1368,"0,08215569325128157","0,042132787206827164"
1369,"0,08325284430918858","0,04217281011287162"
1370,"0,0843531174632239","0,04221389014706793"
1371,"0,08545637147087944","0,04225602937438409"
1372,"0,08656246189247296","0,04229922971648058"
1373,"0,08767124103125275","0,04234349294865656"
1374,"0,08878255787386166","0,04238882069673916"
1375,"0,08989625803124458","0,042435214433916284"
1376,"0,09101218368008514","0,042482675477513616"
1377,"0,09213017350486208","0,042531204985716185"
1378,"0,09325006264061932","0,04258080395423534"
1379,"0,09437168261654617","0,04263147321292172"
1380,"0,09549486130046901","0,042683213422325346"
1381,"0,0966194228443584","0,04273602507020349"
1382,"0,09774518763095995","0,04278990846797764"
1383,"0,09887197222165987","0,042844863747140624"
1384,"0,09999958930570142","0,04290089085561514"
1385,"0,10112784765087014","0,042957989554065226"
1386,"0,1022565520557708","0,04301615941216203"
1387,"0,10338550330382251","0,04307539980480564"
1388,"0,10451449811910114","0,043135709908304655"
1389,"0,10564332912416263","0,04319708869651545"
1390,"0,10677178479998413","0,0432595349369431"
1391,"0,10789964944816308","0,043323047186806136"
1392,"0,10902670315551823","0,0433876237890675"
1393,"0,11015272176123912","0,043453262868433956"
1394,"0,11127747682673533","0,04351996232732676"
1395,"0,11240073560833781","0,043587719841826175"
1396,"0,11352226103300976","0,04365653285759269"
1397,"0,11464181167722637","0,04372639858576811"
1398,"0,11575914174918502","0,04379731399885957"
1399,"0,11687400107451193","0,04386927582660989"
1400,"0,1179861350856319","0,0439422805518578"
